/*
Navicat MySQL Data Transfer

Source Server         : weavora-2
Source Server Version : 50534
Source Host           : weavora-2:3306
Source Database       : kicker

Target Server Type    : MYSQL
Target Server Version : 50534
File Encoding         : 65001

Date: 2015-07-21 17:23:14
*/

SET FOREIGN_KEY_CHECKS=0;

-- ----------------------------
-- Table structure for matches
-- ----------------------------
DROP TABLE IF EXISTS `matches`;
CREATE TABLE `matches` (
  `id` int(3) unsigned NOT NULL AUTO_INCREMENT,
  `red_team_id` int(3) unsigned NOT NULL,
  `blue_team_id` int(3) unsigned NOT NULL,
  `date` timestamp NOT NULL DEFAULT CURRENT_TIMESTAMP ON UPDATE CURRENT_TIMESTAMP,
  `red_score` tinyint(2) NOT NULL,
  `blue_score` tinyint(2) NOT NULL,
  PRIMARY KEY (`id`),
  KEY `matches_red_team` (`red_team_id`),
  KEY `matches_blue_team` (`blue_team_id`),
  CONSTRAINT `matches_blue_team` FOREIGN KEY (`blue_team_id`) REFERENCES `teams` (`id`) ON DELETE CASCADE ON UPDATE CASCADE,
  CONSTRAINT `matches_red_team` FOREIGN KEY (`red_team_id`) REFERENCES `teams` (`id`) ON DELETE CASCADE ON UPDATE CASCADE
) ENGINE=InnoDB AUTO_INCREMENT=380 DEFAULT CHARSET=latin1;

-- ----------------------------
-- Records of matches
-- ----------------------------
INSERT INTO `matches` VALUES ('3', '5', '6', '2015-06-12 16:11:12', '2', '5');
INSERT INTO `matches` VALUES ('4', '7', '8', '2015-06-12 16:14:18', '5', '3');
INSERT INTO `matches` VALUES ('5', '9', '10', '2015-06-12 16:17:11', '5', '2');
INSERT INTO `matches` VALUES ('6', '11', '12', '2015-06-12 16:21:25', '5', '2');
INSERT INTO `matches` VALUES ('7', '13', '14', '2015-06-12 16:27:56', '4', '5');
INSERT INTO `matches` VALUES ('8', '15', '16', '2015-06-12 16:32:04', '5', '1');
INSERT INTO `matches` VALUES ('9', '17', '14', '2015-06-12 16:34:44', '5', '3');
INSERT INTO `matches` VALUES ('10', '18', '16', '2015-06-12 16:38:40', '5', '4');
INSERT INTO `matches` VALUES ('11', '19', '20', '2015-06-12 16:45:29', '4', '5');
INSERT INTO `matches` VALUES ('12', '21', '22', '2015-06-12 16:48:42', '2', '5');
INSERT INTO `matches` VALUES ('13', '23', '24', '2015-06-12 16:51:02', '0', '5');
INSERT INTO `matches` VALUES ('14', '25', '26', '2015-06-12 16:55:08', '5', '3');
INSERT INTO `matches` VALUES ('15', '20', '3', '2015-06-12 16:59:14', '5', '2');
INSERT INTO `matches` VALUES ('16', '22', '27', '2015-06-12 17:06:27', '5', '4');
INSERT INTO `matches` VALUES ('17', '28', '7', '2015-06-12 17:10:42', '4', '5');
INSERT INTO `matches` VALUES ('18', '29', '5', '2015-06-12 17:14:48', '0', '5');
INSERT INTO `matches` VALUES ('19', '6', '5', '2015-06-12 17:18:28', '2', '5');
INSERT INTO `matches` VALUES ('20', '8', '7', '2015-06-12 17:22:14', '1', '5');
INSERT INTO `matches` VALUES ('21', '27', '4', '2015-06-12 17:26:03', '2', '5');
INSERT INTO `matches` VALUES ('22', '3', '30', '2015-06-12 17:30:55', '3', '5');
INSERT INTO `matches` VALUES ('23', '31', '5', '2015-06-12 17:38:30', '4', '5');
INSERT INTO `matches` VALUES ('24', '38', '7', '2015-06-12 17:43:39', '5', '4');
INSERT INTO `matches` VALUES ('25', '3', '14', '2015-06-12 17:46:47', '2', '5');
INSERT INTO `matches` VALUES ('26', '27', '16', '2015-06-12 17:50:49', '5', '2');
INSERT INTO `matches` VALUES ('29', '39', '5', '2015-06-16 18:02:09', '0', '5');
INSERT INTO `matches` VALUES ('30', '40', '7', '2015-06-16 18:07:06', '4', '5');
INSERT INTO `matches` VALUES ('31', '31', '5', '2015-06-16 18:11:52', '5', '4');
INSERT INTO `matches` VALUES ('32', '38', '7', '2015-06-16 18:15:31', '5', '2');
INSERT INTO `matches` VALUES ('33', '31', '39', '2015-06-16 18:20:56', '2', '5');
INSERT INTO `matches` VALUES ('34', '38', '39', '2015-06-16 18:24:14', '3', '5');
INSERT INTO `matches` VALUES ('35', '19', '24', '2015-06-16 18:29:56', '5', '3');
INSERT INTO `matches` VALUES ('36', '21', '26', '2015-06-16 18:32:40', '5', '0');
INSERT INTO `matches` VALUES ('37', '40', '24', '2015-06-16 18:36:28', '5', '2');
INSERT INTO `matches` VALUES ('38', '39', '26', '2015-06-16 18:40:52', '5', '4');
INSERT INTO `matches` VALUES ('39', '40', '19', '2015-06-16 18:44:24', '5', '1');
INSERT INTO `matches` VALUES ('40', '39', '21', '2015-06-16 18:47:44', '5', '0');
INSERT INTO `matches` VALUES ('41', '20', '17', '2015-06-16 18:51:38', '5', '2');
INSERT INTO `matches` VALUES ('42', '22', '18', '2015-06-16 18:53:31', '0', '5');
INSERT INTO `matches` VALUES ('43', '22', '18', '2015-06-16 18:59:20', '5', '4');
INSERT INTO `matches` VALUES ('44', '4', '23', '2015-06-16 19:04:41', '4', '5');
INSERT INTO `matches` VALUES ('45', '30', '25', '2015-06-16 19:08:27', '5', '3');
INSERT INTO `matches` VALUES ('46', '6', '5', '2015-06-16 19:14:37', '5', '3');
INSERT INTO `matches` VALUES ('47', '8', '7', '2015-06-16 19:17:25', '5', '0');
INSERT INTO `matches` VALUES ('48', '6', '5', '2015-06-16 19:22:24', '4', '5');
INSERT INTO `matches` VALUES ('49', '8', '7', '2015-06-16 19:26:06', '5', '3');
INSERT INTO `matches` VALUES ('50', '23', '41', '2015-06-17 16:04:10', '5', '3');
INSERT INTO `matches` VALUES ('51', '25', '42', '2015-06-17 16:04:23', '5', '1');
INSERT INTO `matches` VALUES ('52', '43', '20', '2015-06-17 16:04:41', '0', '5');
INSERT INTO `matches` VALUES ('53', '44', '22', '2015-06-17 16:06:35', '3', '5');
INSERT INTO `matches` VALUES ('54', '7', '45', '2015-06-17 16:08:51', '5', '0');
INSERT INTO `matches` VALUES ('55', '5', '46', '2015-06-17 16:12:22', '4', '5');
INSERT INTO `matches` VALUES ('56', '17', '20', '2015-06-17 16:17:13', '5', '3');
INSERT INTO `matches` VALUES ('57', '18', '22', '2015-06-17 16:22:10', '2', '5');
INSERT INTO `matches` VALUES ('58', '30', '23', '2015-06-17 16:25:43', '5', '1');
INSERT INTO `matches` VALUES ('59', '4', '25', '2015-06-17 16:30:15', '5', '2');
INSERT INTO `matches` VALUES ('60', '5', '40', '2015-06-17 16:33:51', '2', '5');
INSERT INTO `matches` VALUES ('61', '7', '39', '2015-06-17 16:38:57', '4', '5');
INSERT INTO `matches` VALUES ('62', '30', '23', '2015-06-17 16:44:44', '5', '3');
INSERT INTO `matches` VALUES ('63', '4', '25', '2015-06-17 16:48:08', '3', '5');
INSERT INTO `matches` VALUES ('64', '47', '6', '2015-06-17 18:27:01', '1', '5');
INSERT INTO `matches` VALUES ('65', '48', '8', '2015-06-17 18:33:57', '5', '3');
INSERT INTO `matches` VALUES ('66', '38', '49', '2015-06-17 18:39:05', '3', '5');
INSERT INTO `matches` VALUES ('67', '31', '50', '2015-06-17 18:41:54', '5', '3');
INSERT INTO `matches` VALUES ('68', '51', '52', '2015-06-17 18:46:27', '5', '1');
INSERT INTO `matches` VALUES ('69', '53', '54', '2015-06-17 18:49:50', '5', '2');
INSERT INTO `matches` VALUES ('70', '28', '55', '2015-06-18 16:58:33', '3', '5');
INSERT INTO `matches` VALUES ('78', '29', '57', '2015-06-18 17:10:01', '5', '3');
INSERT INTO `matches` VALUES ('79', '5', '28', '2015-06-18 17:15:25', '5', '4');
INSERT INTO `matches` VALUES ('80', '7', '29', '2015-06-18 17:19:07', '3', '5');
INSERT INTO `matches` VALUES ('81', '16', '11', '2015-06-18 17:25:20', '5', '0');
INSERT INTO `matches` VALUES ('82', '14', '9', '2015-06-18 17:30:03', '2', '5');
INSERT INTO `matches` VALUES ('84', '19', '26', '2015-06-18 17:33:42', '4', '5');
INSERT INTO `matches` VALUES ('85', '21', '24', '2015-06-18 17:37:43', '5', '4');
INSERT INTO `matches` VALUES ('86', '27', '59', '2015-06-18 17:42:59', '5', '4');
INSERT INTO `matches` VALUES ('87', '3', '60', '2015-06-18 17:46:33', '5', '5');
INSERT INTO `matches` VALUES ('88', '61', '7', '2015-06-18 17:50:23', '4', '5');
INSERT INTO `matches` VALUES ('89', '62', '5', '2015-06-18 17:52:04', '0', '5');
INSERT INTO `matches` VALUES ('90', '3', '41', '2015-06-18 17:56:45', '5', '4');
INSERT INTO `matches` VALUES ('91', '27', '42', '2015-06-18 17:59:13', '4', '5');
INSERT INTO `matches` VALUES ('92', '65', '7', '2015-06-19 17:22:40', '4', '5');
INSERT INTO `matches` VALUES ('93', '66', '5', '2015-06-19 17:28:30', '4', '5');
INSERT INTO `matches` VALUES ('94', '40', '43', '2015-06-19 19:53:43', '5', '1');
INSERT INTO `matches` VALUES ('95', '39', '44', '2015-06-19 19:56:29', '5', '1');
INSERT INTO `matches` VALUES ('96', '17', '45', '2015-06-19 20:02:13', '2', '5');
INSERT INTO `matches` VALUES ('97', '18', '46', '2015-06-19 20:06:02', '5', '2');
INSERT INTO `matches` VALUES ('98', '25', '50', '2015-06-19 20:10:22', '5', '2');
INSERT INTO `matches` VALUES ('99', '23', '49', '2015-06-19 20:13:19', '5', '1');
INSERT INTO `matches` VALUES ('100', '43', '40', '2015-06-19 20:18:48', '5', '4');
INSERT INTO `matches` VALUES ('101', '44', '39', '2015-06-19 20:21:51', '2', '5');
INSERT INTO `matches` VALUES ('102', '45', '17', '2015-06-19 20:29:46', '1', '5');
INSERT INTO `matches` VALUES ('103', '46', '18', '2015-06-19 20:32:10', '2', '5');
INSERT INTO `matches` VALUES ('104', '49', '23', '2015-06-19 20:35:11', '2', '5');
INSERT INTO `matches` VALUES ('105', '50', '25', '2015-06-19 20:41:50', '4', '5');
INSERT INTO `matches` VALUES ('106', '39', '43', '2015-06-19 21:49:21', '5', '1');
INSERT INTO `matches` VALUES ('107', '40', '44', '2015-06-19 21:54:24', '5', '3');
INSERT INTO `matches` VALUES ('108', '45', '17', '2015-06-19 21:59:52', '4', '5');
INSERT INTO `matches` VALUES ('109', '46', '18', '2015-06-19 22:04:26', '4', '5');
INSERT INTO `matches` VALUES ('110', '50', '23', '2015-06-19 22:08:40', '3', '5');
INSERT INTO `matches` VALUES ('111', '49', '25', '2015-06-19 22:12:06', '4', '5');
INSERT INTO `matches` VALUES ('112', '39', '43', '2015-06-19 22:23:09', '5', '2');
INSERT INTO `matches` VALUES ('113', '40', '44', '2015-06-19 22:26:06', '5', '1');
INSERT INTO `matches` VALUES ('114', '46', '17', '2015-06-19 22:29:34', '1', '5');
INSERT INTO `matches` VALUES ('115', '45', '18', '2015-06-19 22:32:07', '0', '5');
INSERT INTO `matches` VALUES ('116', '50', '23', '2015-06-19 22:35:30', '1', '5');
INSERT INTO `matches` VALUES ('117', '49', '25', '2015-06-19 22:38:18', '0', '5');
INSERT INTO `matches` VALUES ('118', '44', '40', '2015-06-19 22:42:11', '5', '1');
INSERT INTO `matches` VALUES ('119', '43', '39', '2015-06-19 22:46:07', '1', '5');
INSERT INTO `matches` VALUES ('120', '18', '45', '2015-06-19 22:50:50', '2', '5');
INSERT INTO `matches` VALUES ('121', '17', '46', '2015-06-19 22:55:12', '3', '5');
INSERT INTO `matches` VALUES ('122', '50', '25', '2015-06-19 23:01:15', '0', '5');
INSERT INTO `matches` VALUES ('123', '49', '23', '2015-06-19 23:06:46', '5', '4');
INSERT INTO `matches` VALUES ('124', '7', '50', '2015-06-22 18:23:58', '5', '1');
INSERT INTO `matches` VALUES ('125', '5', '49', '2015-06-22 18:28:01', '5', '1');
INSERT INTO `matches` VALUES ('126', '41', '40', '2015-06-22 18:30:11', '0', '5');
INSERT INTO `matches` VALUES ('127', '42', '39', '2015-06-22 18:32:19', '0', '5');
INSERT INTO `matches` VALUES ('128', '44', '20', '2015-06-22 18:36:56', '4', '5');
INSERT INTO `matches` VALUES ('129', '43', '22', '2015-06-22 18:43:27', '4', '5');
INSERT INTO `matches` VALUES ('130', '45', '18', '2015-06-22 18:48:04', '4', '5');
INSERT INTO `matches` VALUES ('131', '46', '17', '2015-06-22 18:54:00', '4', '5');
INSERT INTO `matches` VALUES ('132', '30', '23', '2015-06-22 18:58:22', '5', '3');
INSERT INTO `matches` VALUES ('133', '4', '25', '2015-06-22 19:00:43', '3', '5');
INSERT INTO `matches` VALUES ('134', '44', '4', '2015-06-22 19:05:57', '2', '5');
INSERT INTO `matches` VALUES ('135', '43', '30', '2015-06-22 19:09:55', '2', '5');
INSERT INTO `matches` VALUES ('136', '7', '40', '2015-06-22 19:13:51', '3', '5');
INSERT INTO `matches` VALUES ('137', '5', '39', '2015-06-22 19:18:49', '4', '5');
INSERT INTO `matches` VALUES ('138', '28', '18', '2015-06-22 19:21:53', '3', '5');
INSERT INTO `matches` VALUES ('139', '29', '17', '2015-06-22 19:25:18', '3', '5');
INSERT INTO `matches` VALUES ('140', '23', '8', '2015-06-22 19:28:59', '5', '4');
INSERT INTO `matches` VALUES ('141', '25', '6', '2015-06-22 19:32:31', '5', '3');
INSERT INTO `matches` VALUES ('142', '40', '3', '2015-06-22 19:40:36', '5', '3');
INSERT INTO `matches` VALUES ('143', '39', '27', '2015-06-22 19:42:06', '5', '0');
INSERT INTO `matches` VALUES ('144', '6', '25', '2015-06-22 19:46:22', '3', '5');
INSERT INTO `matches` VALUES ('145', '8', '23', '2015-06-22 19:49:56', '2', '5');
INSERT INTO `matches` VALUES ('146', '40', '7', '2015-06-23 18:24:12', '0', '5');
INSERT INTO `matches` VALUES ('147', '39', '5', '2015-06-23 18:24:18', '5', '3');
INSERT INTO `matches` VALUES ('148', '40', '5', '2015-06-23 18:27:34', '5', '1');
INSERT INTO `matches` VALUES ('149', '39', '7', '2015-06-23 18:31:33', '5', '0');
INSERT INTO `matches` VALUES ('150', '40', '7', '2015-06-23 18:39:02', '5', '4');
INSERT INTO `matches` VALUES ('151', '39', '5', '2015-06-23 18:43:18', '5', '2');
INSERT INTO `matches` VALUES ('152', '12', '4', '2015-06-23 18:49:59', '1', '5');
INSERT INTO `matches` VALUES ('153', '10', '30', '2015-06-23 18:53:21', '2', '5');
INSERT INTO `matches` VALUES ('154', '12', '24', '2015-06-23 18:56:05', '3', '5');
INSERT INTO `matches` VALUES ('155', '10', '26', '2015-06-23 18:59:29', '5', '3');
INSERT INTO `matches` VALUES ('156', '14', '6', '2015-06-23 19:04:18', '3', '5');
INSERT INTO `matches` VALUES ('157', '16', '8', '2015-06-23 19:07:59', '2', '5');
INSERT INTO `matches` VALUES ('158', '50', '24', '2015-06-23 19:13:16', '5', '4');
INSERT INTO `matches` VALUES ('159', '49', '26', '2015-06-23 19:16:23', '5', '2');
INSERT INTO `matches` VALUES ('160', '40', '7', '2015-06-24 17:30:34', '4', '5');
INSERT INTO `matches` VALUES ('161', '39', '5', '2015-06-24 17:30:54', '5', '2');
INSERT INTO `matches` VALUES ('162', '25', '4', '2015-06-24 17:35:30', '2', '5');
INSERT INTO `matches` VALUES ('163', '23', '30', '2015-06-24 17:43:21', '5', '4');
INSERT INTO `matches` VALUES ('164', '18', '20', '2015-06-24 17:47:21', '5', '2');
INSERT INTO `matches` VALUES ('165', '17', '22', '2015-06-24 17:53:34', '4', '5');
INSERT INTO `matches` VALUES ('166', '42', '6', '2015-06-25 19:26:02', '5', '2');
INSERT INTO `matches` VALUES ('167', '41', '8', '2015-06-25 19:32:45', '5', '4');
INSERT INTO `matches` VALUES ('168', '42', '6', '2015-06-25 19:37:12', '2', '5');
INSERT INTO `matches` VALUES ('169', '41', '8', '2015-06-25 19:46:25', '4', '5');
INSERT INTO `matches` VALUES ('170', '8', '43', '2015-06-25 19:51:09', '5', '1');
INSERT INTO `matches` VALUES ('171', '6', '44', '2015-06-25 19:53:27', '5', '1');
INSERT INTO `matches` VALUES ('172', '7', '49', '2015-06-25 19:57:38', '5', '0');
INSERT INTO `matches` VALUES ('173', '5', '50', '2015-06-25 20:01:58', '5', '1');
INSERT INTO `matches` VALUES ('174', '27', '41', '2015-06-25 20:06:30', '5', '3');
INSERT INTO `matches` VALUES ('175', '3', '42', '2015-06-25 20:09:04', '5', '0');
INSERT INTO `matches` VALUES ('176', '27', '4', '2015-06-25 20:13:25', '5', '2');
INSERT INTO `matches` VALUES ('177', '3', '30', '2015-06-25 20:16:43', '5', '2');
INSERT INTO `matches` VALUES ('178', '6', '5', '2015-06-25 20:20:34', '3', '5');
INSERT INTO `matches` VALUES ('179', '8', '7', '2015-06-25 20:23:02', '2', '5');
INSERT INTO `matches` VALUES ('180', '6', '5', '2015-06-25 20:27:45', '5', '2');
INSERT INTO `matches` VALUES ('181', '8', '7', '2015-06-25 20:31:54', '1', '5');
INSERT INTO `matches` VALUES ('182', '18', '24', '2015-06-25 20:35:51', '5', '2');
INSERT INTO `matches` VALUES ('183', '17', '26', '2015-06-25 20:39:21', '5', '2');
INSERT INTO `matches` VALUES ('184', '27', '40', '2015-06-26 15:15:14', '4', '5');
INSERT INTO `matches` VALUES ('185', '3', '39', '2015-06-26 15:22:14', '4', '5');
INSERT INTO `matches` VALUES ('186', '26', '40', '2015-06-26 15:27:01', '2', '5');
INSERT INTO `matches` VALUES ('187', '24', '39', '2015-06-26 15:29:29', '2', '5');
INSERT INTO `matches` VALUES ('188', '24', '17', '2015-06-26 15:33:31', '3', '5');
INSERT INTO `matches` VALUES ('189', '26', '18', '2015-06-26 15:37:44', '2', '5');
INSERT INTO `matches` VALUES ('190', '29', '5', '2015-06-26 15:42:17', '1', '5');
INSERT INTO `matches` VALUES ('191', '28', '7', '2015-06-26 15:46:14', '5', '2');
INSERT INTO `matches` VALUES ('192', '23', '4', '2015-06-26 15:51:53', '2', '5');
INSERT INTO `matches` VALUES ('193', '25', '30', '2015-06-26 15:55:31', '5', '2');
INSERT INTO `matches` VALUES ('194', '20', '6', '2015-06-26 16:00:43', '5', '3');
INSERT INTO `matches` VALUES ('195', '22', '8', '2015-06-26 16:05:33', '3', '5');
INSERT INTO `matches` VALUES ('196', '8', '23', '2015-06-29 19:03:24', '5', '4');
INSERT INTO `matches` VALUES ('197', '6', '25', '2015-06-29 19:07:10', '2', '5');
INSERT INTO `matches` VALUES ('198', '18', '29', '2015-06-29 19:14:49', '4', '5');
INSERT INTO `matches` VALUES ('199', '17', '28', '2015-06-29 19:20:20', '5', '3');
INSERT INTO `matches` VALUES ('200', '3', '40', '2015-06-29 19:30:13', '4', '5');
INSERT INTO `matches` VALUES ('201', '27', '39', '2015-06-29 19:32:19', '0', '5');
INSERT INTO `matches` VALUES ('202', '8', '23', '2015-06-29 19:37:23', '5', '3');
INSERT INTO `matches` VALUES ('203', '6', '25', '2015-06-29 19:41:30', '1', '5');
INSERT INTO `matches` VALUES ('204', '29', '18', '2015-06-29 19:47:30', '4', '5');
INSERT INTO `matches` VALUES ('205', '28', '17', '2015-06-29 19:52:25', '4', '5');
INSERT INTO `matches` VALUES ('206', '39', '27', '2015-06-29 19:56:26', '5', '3');
INSERT INTO `matches` VALUES ('207', '40', '3', '2015-06-29 19:59:43', '5', '2');
INSERT INTO `matches` VALUES ('208', '44', '8', '2015-06-30 18:25:24', '1', '5');
INSERT INTO `matches` VALUES ('209', '43', '6', '2015-06-30 18:32:05', '4', '5');
INSERT INTO `matches` VALUES ('210', '27', '50', '2015-06-30 18:39:41', '4', '5');
INSERT INTO `matches` VALUES ('211', '3', '49', '2015-06-30 18:43:27', '5', '1');
INSERT INTO `matches` VALUES ('212', '54', '17', '2015-06-30 18:46:24', '3', '5');
INSERT INTO `matches` VALUES ('213', '52', '18', '2015-06-30 18:49:32', '1', '5');
INSERT INTO `matches` VALUES ('214', '23', '50', '2015-06-30 18:55:38', '5', '4');
INSERT INTO `matches` VALUES ('215', '25', '49', '2015-06-30 18:59:59', '4', '5');
INSERT INTO `matches` VALUES ('216', '45', '18', '2015-07-01 15:50:03', '1', '5');
INSERT INTO `matches` VALUES ('217', '46', '17', '2015-07-01 15:53:22', '2', '5');
INSERT INTO `matches` VALUES ('218', '23', '50', '2015-07-01 15:58:29', '5', '2');
INSERT INTO `matches` VALUES ('219', '25', '49', '2015-07-01 16:02:41', '5', '3');
INSERT INTO `matches` VALUES ('220', '19', '40', '2015-07-01 16:06:40', '0', '5');
INSERT INTO `matches` VALUES ('221', '21', '39', '2015-07-01 16:09:27', '1', '5');
INSERT INTO `matches` VALUES ('222', '25', '51', '2015-07-01 16:12:56', '5', '1');
INSERT INTO `matches` VALUES ('223', '23', '53', '2015-07-01 16:16:51', '3', '5');
INSERT INTO `matches` VALUES ('224', '12', '18', '2015-07-01 16:21:02', '3', '5');
INSERT INTO `matches` VALUES ('225', '10', '17', '2015-07-01 16:24:05', '3', '5');
INSERT INTO `matches` VALUES ('226', '40', '19', '2015-07-01 16:29:10', '2', '5');
INSERT INTO `matches` VALUES ('227', '39', '21', '2015-07-01 16:32:03', '5', '1');
INSERT INTO `matches` VALUES ('228', '25', '53', '2015-07-01 16:35:43', '3', '5');
INSERT INTO `matches` VALUES ('229', '23', '51', '2015-07-01 16:45:31', '5', '4');
INSERT INTO `matches` VALUES ('230', '5', '40', '2015-07-02 17:15:31', '5', '4');
INSERT INTO `matches` VALUES ('231', '7', '39', '2015-07-02 17:18:45', '1', '5');
INSERT INTO `matches` VALUES ('232', '5', '39', '2015-07-02 17:24:20', '3', '5');
INSERT INTO `matches` VALUES ('233', '3', '22', '2015-07-02 17:28:22', '5', '3');
INSERT INTO `matches` VALUES ('234', '27', '20', '2015-07-02 17:32:09', '3', '5');
INSERT INTO `matches` VALUES ('235', '29', '5', '2015-07-02 17:37:36', '5', '3');
INSERT INTO `matches` VALUES ('236', '28', '7', '2015-07-02 17:40:34', '3', '5');
INSERT INTO `matches` VALUES ('237', '8', '23', '2015-07-02 17:46:04', '5', '3');
INSERT INTO `matches` VALUES ('238', '6', '25', '2015-07-02 17:51:45', '4', '5');
INSERT INTO `matches` VALUES ('239', '20', '17', '2015-07-02 17:55:16', '1', '5');
INSERT INTO `matches` VALUES ('240', '22', '18', '2015-07-02 18:07:35', '4', '5');
INSERT INTO `matches` VALUES ('241', '26', '17', '2015-07-02 18:11:14', '0', '5');
INSERT INTO `matches` VALUES ('242', '24', '18', '2015-07-02 18:15:27', '3', '5');
INSERT INTO `matches` VALUES ('243', '27', '4', '2015-07-02 18:19:38', '1', '5');
INSERT INTO `matches` VALUES ('244', '3', '30', '2015-07-02 18:23:41', '4', '5');
INSERT INTO `matches` VALUES ('245', '27', '4', '2015-07-02 18:28:37', '3', '5');
INSERT INTO `matches` VALUES ('246', '3', '30', '2015-07-02 18:35:36', '2', '5');
INSERT INTO `matches` VALUES ('247', '25', '8', '2015-07-02 18:39:20', '5', '1');
INSERT INTO `matches` VALUES ('248', '23', '6', '2015-07-02 18:42:01', '5', '2');
INSERT INTO `matches` VALUES ('249', '29', '50', '2015-07-02 19:59:26', '5', '4');
INSERT INTO `matches` VALUES ('250', '28', '49', '2015-07-02 20:04:14', '5', '4');
INSERT INTO `matches` VALUES ('251', '29', '41', '2015-07-02 20:07:57', '5', '2');
INSERT INTO `matches` VALUES ('252', '28', '42', '2015-07-02 20:10:47', '5', '0');
INSERT INTO `matches` VALUES ('253', '29', '4', '2015-07-02 20:16:05', '2', '5');
INSERT INTO `matches` VALUES ('254', '28', '30', '2015-07-02 20:21:32', '3', '5');
INSERT INTO `matches` VALUES ('255', '12', '4', '2015-07-06 18:35:57', '4', '5');
INSERT INTO `matches` VALUES ('256', '10', '30', '2015-07-06 18:39:12', '2', '5');
INSERT INTO `matches` VALUES ('257', '20', '53', '2015-07-06 18:43:56', '5', '3');
INSERT INTO `matches` VALUES ('258', '22', '51', '2015-07-06 18:45:51', '0', '5');
INSERT INTO `matches` VALUES ('259', '29', '16', '2015-07-06 18:50:24', '5', '2');
INSERT INTO `matches` VALUES ('260', '28', '14', '2015-07-06 18:55:39', '5', '3');
INSERT INTO `matches` VALUES ('261', '42', '31', '2015-07-06 18:58:46', '1', '5');
INSERT INTO `matches` VALUES ('262', '41', '38', '2015-07-06 19:05:12', '5', '3');
INSERT INTO `matches` VALUES ('263', '26', '50', '2015-07-06 19:12:26', '5', '2');
INSERT INTO `matches` VALUES ('264', '24', '49', '2015-07-06 19:16:49', '3', '5');
INSERT INTO `matches` VALUES ('265', '8', '42', '2015-07-06 19:19:27', '5', '0');
INSERT INTO `matches` VALUES ('266', '6', '41', '2015-07-06 19:23:53', '5', '2');
INSERT INTO `matches` VALUES ('267', '52', '4', '2015-07-06 19:28:29', '1', '5');
INSERT INTO `matches` VALUES ('268', '54', '30', '2015-07-06 19:32:18', '3', '5');
INSERT INTO `matches` VALUES ('269', '8', '22', '2015-07-07 17:43:27', '5', '1');
INSERT INTO `matches` VALUES ('270', '6', '20', '2015-07-07 17:48:50', '5', '4');
INSERT INTO `matches` VALUES ('271', '8', '16', '2015-07-07 17:52:46', '5', '4');
INSERT INTO `matches` VALUES ('272', '6', '14', '2015-07-07 17:56:50', '5', '2');
INSERT INTO `matches` VALUES ('273', '29', '51', '2015-07-07 18:00:57', '3', '5');
INSERT INTO `matches` VALUES ('274', '28', '53', '2015-07-07 18:03:12', '1', '5');
INSERT INTO `matches` VALUES ('275', '31', '4', '2015-07-07 18:08:33', '3', '5');
INSERT INTO `matches` VALUES ('276', '38', '30', '2015-07-07 18:12:04', '1', '5');
INSERT INTO `matches` VALUES ('277', '12', '30', '2015-07-07 18:16:24', '5', '3');
INSERT INTO `matches` VALUES ('278', '10', '4', '2015-07-07 18:20:25', '5', '2');
INSERT INTO `matches` VALUES ('279', '29', '14', '2015-07-07 18:23:11', '5', '2');
INSERT INTO `matches` VALUES ('280', '28', '16', '2015-07-07 18:28:13', '5', '2');
INSERT INTO `matches` VALUES ('281', '28', '53', '2015-07-07 18:34:57', '5', '4');
INSERT INTO `matches` VALUES ('282', '29', '51', '2015-07-07 18:43:27', '4', '5');
INSERT INTO `matches` VALUES ('283', '29', '49', '2015-07-07 18:49:10', '5', '0');
INSERT INTO `matches` VALUES ('284', '28', '50', '2015-07-07 18:56:49', '5', '4');
INSERT INTO `matches` VALUES ('285', '8', '12', '2015-07-08 17:57:44', '5', '3');
INSERT INTO `matches` VALUES ('286', '6', '10', '2015-07-08 18:01:24', '5', '1');
INSERT INTO `matches` VALUES ('287', '8', '60', '2015-07-08 18:07:11', '5', '1');
INSERT INTO `matches` VALUES ('288', '6', '59', '2015-07-08 18:10:54', '5', '3');
INSERT INTO `matches` VALUES ('289', '12', '59', '2015-07-08 18:15:56', '5', '3');
INSERT INTO `matches` VALUES ('290', '10', '60', '2015-07-08 18:22:28', '5', '4');
INSERT INTO `matches` VALUES ('291', '29', '53', '2015-07-08 18:25:58', '5', '0');
INSERT INTO `matches` VALUES ('292', '28', '51', '2015-07-08 18:28:10', '1', '5');
INSERT INTO `matches` VALUES ('293', '61', '53', '2015-07-08 18:31:58', '1', '5');
INSERT INTO `matches` VALUES ('294', '62', '51', '2015-07-08 18:33:29', '1', '5');
INSERT INTO `matches` VALUES ('295', '66', '26', '2015-07-08 18:43:33', '5', '4');
INSERT INTO `matches` VALUES ('296', '65', '24', '2015-07-08 18:47:08', '5', '1');
INSERT INTO `matches` VALUES ('297', '38', '4', '2015-07-08 18:51:38', '4', '5');
INSERT INTO `matches` VALUES ('298', '31', '30', '2015-07-08 18:53:30', '1', '5');
INSERT INTO `matches` VALUES ('299', '15', '28', '2015-07-09 14:44:58', '5', '4');
INSERT INTO `matches` VALUES ('300', '13', '29', '2015-07-09 14:48:31', '5', '2');
INSERT INTO `matches` VALUES ('301', '15', '16', '2015-07-09 14:54:45', '5', '3');
INSERT INTO `matches` VALUES ('302', '13', '14', '2015-07-09 14:57:52', '1', '5');
INSERT INTO `matches` VALUES ('303', '29', '16', '2015-07-09 15:04:19', '5', '4');
INSERT INTO `matches` VALUES ('304', '28', '14', '2015-07-09 15:08:14', '3', '5');
INSERT INTO `matches` VALUES ('305', '31', '66', '2015-07-09 15:13:35', '5', '4');
INSERT INTO `matches` VALUES ('306', '38', '65', '2015-07-09 15:16:10', '1', '5');
INSERT INTO `matches` VALUES ('307', '4', '12', '2015-07-09 15:23:34', '5', '4');
INSERT INTO `matches` VALUES ('308', '30', '10', '2015-07-09 15:26:29', '5', '1');
INSERT INTO `matches` VALUES ('309', '15', '20', '2015-07-09 15:30:19', '0', '5');
INSERT INTO `matches` VALUES ('310', '13', '22', '2015-07-09 15:37:05', '4', '5');
INSERT INTO `matches` VALUES ('311', '49', '66', '2015-07-10 15:24:07', '5', '4');
INSERT INTO `matches` VALUES ('312', '50', '65', '2015-07-10 15:30:37', '2', '5');
INSERT INTO `matches` VALUES ('313', '47', '24', '2015-07-10 15:38:59', '5', '4');
INSERT INTO `matches` VALUES ('314', '48', '26', '2015-07-10 15:40:33', '0', '5');
INSERT INTO `matches` VALUES ('315', '45', '13', '2015-07-10 15:49:37', '4', '5');
INSERT INTO `matches` VALUES ('316', '46', '15', '2015-07-10 15:54:43', '1', '5');
INSERT INTO `matches` VALUES ('317', '38', '4', '2015-07-10 16:01:07', '2', '5');
INSERT INTO `matches` VALUES ('318', '31', '30', '2015-07-10 16:04:55', '3', '5');
INSERT INTO `matches` VALUES ('319', '65', '8', '2015-07-10 16:14:51', '4', '5');
INSERT INTO `matches` VALUES ('320', '66', '6', '2015-07-10 16:17:52', '3', '5');
INSERT INTO `matches` VALUES ('321', '20', '61', '2015-07-10 16:22:03', '5', '4');
INSERT INTO `matches` VALUES ('322', '22', '62', '2015-07-10 16:31:00', '5', '4');
INSERT INTO `matches` VALUES ('323', '61', '41', '2015-07-13 15:03:14', '5', '2');
INSERT INTO `matches` VALUES ('324', '62', '42', '2015-07-13 15:06:44', '5', '2');
INSERT INTO `matches` VALUES ('325', '53', '61', '2015-07-13 15:10:57', '5', '2');
INSERT INTO `matches` VALUES ('326', '51', '62', '2015-07-13 15:15:16', '5', '3');
INSERT INTO `matches` VALUES ('327', '24', '53', '2015-07-13 15:21:13', '5', '4');
INSERT INTO `matches` VALUES ('328', '26', '51', '2015-07-13 15:26:12', '2', '5');
INSERT INTO `matches` VALUES ('329', '59', '8', '2015-07-13 15:34:16', '0', '5');
INSERT INTO `matches` VALUES ('330', '31', '15', '2015-07-13 15:36:13', '0', '5');
INSERT INTO `matches` VALUES ('331', '38', '13', '2015-07-13 15:38:59', '1', '5');
INSERT INTO `matches` VALUES ('332', '61', '41', '2015-07-14 16:17:09', '5', '2');
INSERT INTO `matches` VALUES ('333', '62', '42', '2015-07-14 16:17:20', '3', '5');
INSERT INTO `matches` VALUES ('334', '54', '60', '2015-07-14 16:20:28', '2', '5');
INSERT INTO `matches` VALUES ('335', '52', '59', '2015-07-14 16:24:04', '3', '5');
INSERT INTO `matches` VALUES ('336', '26', '85', '2015-07-14 16:31:39', '5', '0');
INSERT INTO `matches` VALUES ('337', '24', '64', '2015-07-14 16:35:08', '5', '3');
INSERT INTO `matches` VALUES ('338', '42', '15', '2015-07-15 14:37:13', '3', '5');
INSERT INTO `matches` VALUES ('339', '41', '13', '2015-07-15 14:41:05', '2', '5');
INSERT INTO `matches` VALUES ('340', '49', '60', '2015-07-15 14:44:36', '5', '2');
INSERT INTO `matches` VALUES ('341', '50', '59', '2015-07-15 14:52:16', '4', '5');
INSERT INTO `matches` VALUES ('342', '14', '64', '2015-07-15 14:57:01', '5', '3');
INSERT INTO `matches` VALUES ('343', '16', '85', '2015-07-15 14:59:41', '5', '1');
INSERT INTO `matches` VALUES ('344', '57', '4', '2015-07-15 15:02:04', '5', '2');
INSERT INTO `matches` VALUES ('345', '55', '30', '2015-07-15 15:09:37', '2', '5');
INSERT INTO `matches` VALUES ('346', '57', '30', '2015-07-15 15:13:22', '2', '5');
INSERT INTO `matches` VALUES ('347', '55', '4', '2015-07-15 15:16:59', '1', '5');
INSERT INTO `matches` VALUES ('348', '57', '8', '2015-07-16 14:26:02', '0', '5');
INSERT INTO `matches` VALUES ('349', '55', '6', '2015-07-16 14:30:15', '5', '4');
INSERT INTO `matches` VALUES ('350', '57', '26', '2015-07-16 14:34:36', '2', '5');
INSERT INTO `matches` VALUES ('351', '55', '24', '2015-07-16 14:40:13', '5', '2');
INSERT INTO `matches` VALUES ('352', '31', '30', '2015-07-16 14:44:25', '5', '2');
INSERT INTO `matches` VALUES ('353', '38', '4', '2015-07-16 14:47:24', '1', '5');
INSERT INTO `matches` VALUES ('354', '59', '8', '2015-07-16 14:53:56', '2', '5');
INSERT INTO `matches` VALUES ('355', '60', '6', '2015-07-16 14:58:43', '3', '5');
INSERT INTO `matches` VALUES ('356', '66', '4', '2015-07-17 14:50:41', '3', '5');
INSERT INTO `matches` VALUES ('357', '65', '30', '2015-07-17 14:53:52', '5', '2');
INSERT INTO `matches` VALUES ('358', '66', '16', '2015-07-17 14:58:23', '5', '2');
INSERT INTO `matches` VALUES ('359', '65', '14', '2015-07-17 15:02:44', '5', '3');
INSERT INTO `matches` VALUES ('360', '66', '51', '2015-07-17 15:08:31', '5', '3');
INSERT INTO `matches` VALUES ('361', '65', '53', '2015-07-17 15:11:54', '5', '0');
INSERT INTO `matches` VALUES ('362', '66', '30', '2015-07-17 15:17:45', '5', '4');
INSERT INTO `matches` VALUES ('363', '65', '4', '2015-07-17 15:22:13', '5', '1');
INSERT INTO `matches` VALUES ('364', '20', '15', '2015-07-17 15:27:41', '4', '5');
INSERT INTO `matches` VALUES ('365', '22', '13', '2015-07-17 15:31:30', '5', '3');
INSERT INTO `matches` VALUES ('366', '59', '40', '2015-07-17 15:36:27', '5', '3');
INSERT INTO `matches` VALUES ('367', '60', '39', '2015-07-17 15:40:14', '5', '3');
INSERT INTO `matches` VALUES ('368', '9', '45', '2015-07-21 16:17:38', '5', '1');
INSERT INTO `matches` VALUES ('369', '11', '46', '2015-07-21 16:22:07', '5', '0');
INSERT INTO `matches` VALUES ('370', '9', '4', '2015-07-21 16:27:02', '5', '2');
INSERT INTO `matches` VALUES ('371', '11', '30', '2015-07-21 16:32:31', '5', '4');
INSERT INTO `matches` VALUES ('372', '29', '4', '2015-07-21 16:38:11', '3', '5');
INSERT INTO `matches` VALUES ('373', '28', '30', '2015-07-21 16:42:05', '3', '5');
INSERT INTO `matches` VALUES ('374', '27', '57', '2015-07-21 16:47:03', '1', '5');
INSERT INTO `matches` VALUES ('375', '3', '55', '2015-07-21 16:50:44', '3', '5');
INSERT INTO `matches` VALUES ('376', '20', '53', '2015-07-21 16:53:20', '1', '5');
INSERT INTO `matches` VALUES ('377', '22', '51', '2015-07-21 17:00:06', '5', '4');
INSERT INTO `matches` VALUES ('378', '5', '15', '2015-07-21 17:06:05', '4', '5');
INSERT INTO `matches` VALUES ('379', '7', '13', '2015-07-21 17:10:43', '3', '5');

-- ----------------------------
-- Table structure for player_rating_log
-- ----------------------------
DROP TABLE IF EXISTS `player_rating_log`;
CREATE TABLE `player_rating_log` (
  `player_id` tinyint(3) unsigned NOT NULL,
  `match_id` int(3) unsigned NOT NULL,
  `rating` float(6,2) DEFAULT NULL,
  PRIMARY KEY (`player_id`,`match_id`),
  KEY `player_rating_match` (`match_id`),
  CONSTRAINT `player_rating_match` FOREIGN KEY (`match_id`) REFERENCES `matches` (`id`) ON DELETE CASCADE ON UPDATE CASCADE,
  CONSTRAINT `player_rating_player` FOREIGN KEY (`player_id`) REFERENCES `players` (`id`) ON DELETE CASCADE ON UPDATE CASCADE
) ENGINE=InnoDB DEFAULT CHARSET=utf8;

-- ----------------------------
-- Records of player_rating_log
-- ----------------------------
INSERT INTO `player_rating_log` VALUES ('1', '3', '-20.00');
INSERT INTO `player_rating_log` VALUES ('1', '4', '0.00');
INSERT INTO `player_rating_log` VALUES ('1', '5', '20.00');
INSERT INTO `player_rating_log` VALUES ('1', '6', '40.00');
INSERT INTO `player_rating_log` VALUES ('1', '9', '61.15');
INSERT INTO `player_rating_log` VALUES ('1', '10', '80.00');
INSERT INTO `player_rating_log` VALUES ('1', '11', '60.00');
INSERT INTO `player_rating_log` VALUES ('1', '12', '40.00');
INSERT INTO `player_rating_log` VALUES ('1', '13', '20.00');
INSERT INTO `player_rating_log` VALUES ('1', '14', '40.00');
INSERT INTO `player_rating_log` VALUES ('1', '15', '21.15');
INSERT INTO `player_rating_log` VALUES ('1', '16', '2.30');
INSERT INTO `player_rating_log` VALUES ('1', '17', '21.15');
INSERT INTO `player_rating_log` VALUES ('1', '18', '42.30');
INSERT INTO `player_rating_log` VALUES ('1', '19', '63.38');
INSERT INTO `player_rating_log` VALUES ('1', '20', '80.02');
INSERT INTO `player_rating_log` VALUES ('1', '21', '61.10');
INSERT INTO `player_rating_log` VALUES ('1', '22', '42.18');
INSERT INTO `player_rating_log` VALUES ('1', '23', '60.90');
INSERT INTO `player_rating_log` VALUES ('1', '24', '37.73');
INSERT INTO `player_rating_log` VALUES ('1', '25', '19.83');
INSERT INTO `player_rating_log` VALUES ('1', '26', '39.77');
INSERT INTO `player_rating_log` VALUES ('1', '29', '57.42');
INSERT INTO `player_rating_log` VALUES ('1', '30', '75.56');
INSERT INTO `player_rating_log` VALUES ('1', '31', '51.18');
INSERT INTO `player_rating_log` VALUES ('1', '32', '29.61');
INSERT INTO `player_rating_log` VALUES ('1', '35', '51.90');
INSERT INTO `player_rating_log` VALUES ('1', '36', '71.90');
INSERT INTO `player_rating_log` VALUES ('1', '39', '51.93');
INSERT INTO `player_rating_log` VALUES ('1', '40', '34.35');
INSERT INTO `player_rating_log` VALUES ('1', '41', '15.37');
INSERT INTO `player_rating_log` VALUES ('1', '42', '36.52');
INSERT INTO `player_rating_log` VALUES ('1', '43', '15.24');
INSERT INTO `player_rating_log` VALUES ('1', '44', '37.47');
INSERT INTO `player_rating_log` VALUES ('1', '45', '17.41');
INSERT INTO `player_rating_log` VALUES ('1', '46', '-4.62');
INSERT INTO `player_rating_log` VALUES ('1', '47', '-28.35');
INSERT INTO `player_rating_log` VALUES ('1', '48', '-7.85');
INSERT INTO `player_rating_log` VALUES ('1', '49', '-28.89');
INSERT INTO `player_rating_log` VALUES ('1', '50', '-9.02');
INSERT INTO `player_rating_log` VALUES ('1', '51', '10.98');
INSERT INTO `player_rating_log` VALUES ('1', '52', '-5.72');
INSERT INTO `player_rating_log` VALUES ('1', '53', '-23.49');
INSERT INTO `player_rating_log` VALUES ('1', '54', '-2.58');
INSERT INTO `player_rating_log` VALUES ('1', '55', '-24.46');
INSERT INTO `player_rating_log` VALUES ('1', '56', '-0.35');
INSERT INTO `player_rating_log` VALUES ('1', '57', '-18.17');
INSERT INTO `player_rating_log` VALUES ('1', '58', '-37.20');
INSERT INTO `player_rating_log` VALUES ('1', '59', '-58.54');
INSERT INTO `player_rating_log` VALUES ('1', '60', '-77.85');
INSERT INTO `player_rating_log` VALUES ('1', '61', '-94.72');
INSERT INTO `player_rating_log` VALUES ('1', '62', '-111.58');
INSERT INTO `player_rating_log` VALUES ('1', '63', '-90.46');
INSERT INTO `player_rating_log` VALUES ('1', '79', '-72.14');
INSERT INTO `player_rating_log` VALUES ('1', '80', '-91.45');
INSERT INTO `player_rating_log` VALUES ('1', '81', '-115.91');
INSERT INTO `player_rating_log` VALUES ('1', '82', '-96.10');
INSERT INTO `player_rating_log` VALUES ('1', '84', '-118.31');
INSERT INTO `player_rating_log` VALUES ('1', '85', '-98.63');
INSERT INTO `player_rating_log` VALUES ('1', '86', '-77.60');
INSERT INTO `player_rating_log` VALUES ('1', '87', '-94.42');
INSERT INTO `player_rating_log` VALUES ('1', '88', '-72.63');
INSERT INTO `player_rating_log` VALUES ('1', '89', '-53.20');
INSERT INTO `player_rating_log` VALUES ('1', '90', '-30.19');
INSERT INTO `player_rating_log` VALUES ('1', '91', '-51.52');
INSERT INTO `player_rating_log` VALUES ('1', '92', '-30.98');
INSERT INTO `player_rating_log` VALUES ('1', '93', '-12.66');
INSERT INTO `player_rating_log` VALUES ('1', '94', '-29.31');
INSERT INTO `player_rating_log` VALUES ('1', '95', '-44.00');
INSERT INTO `player_rating_log` VALUES ('1', '96', '-66.70');
INSERT INTO `player_rating_log` VALUES ('1', '97', '-45.49');
INSERT INTO `player_rating_log` VALUES ('1', '98', '-27.82');
INSERT INTO `player_rating_log` VALUES ('1', '99', '-5.81');
INSERT INTO `player_rating_log` VALUES ('1', '100', '19.37');
INSERT INTO `player_rating_log` VALUES ('1', '101', '6.21');
INSERT INTO `player_rating_log` VALUES ('1', '102', '26.11');
INSERT INTO `player_rating_log` VALUES ('1', '103', '44.88');
INSERT INTO `player_rating_log` VALUES ('1', '104', '64.37');
INSERT INTO `player_rating_log` VALUES ('1', '105', '80.07');
INSERT INTO `player_rating_log` VALUES ('1', '106', '66.34');
INSERT INTO `player_rating_log` VALUES ('1', '107', '50.82');
INSERT INTO `player_rating_log` VALUES ('1', '108', '68.44');
INSERT INTO `player_rating_log` VALUES ('1', '109', '85.08');
INSERT INTO `player_rating_log` VALUES ('1', '110', '100.45');
INSERT INTO `player_rating_log` VALUES ('1', '111', '116.29');
INSERT INTO `player_rating_log` VALUES ('1', '112', '103.95');
INSERT INTO `player_rating_log` VALUES ('1', '113', '90.09');
INSERT INTO `player_rating_log` VALUES ('1', '114', '105.79');
INSERT INTO `player_rating_log` VALUES ('1', '115', '120.55');
INSERT INTO `player_rating_log` VALUES ('1', '116', '134.28');
INSERT INTO `player_rating_log` VALUES ('1', '117', '148.41');
INSERT INTO `player_rating_log` VALUES ('1', '118', '175.96');
INSERT INTO `player_rating_log` VALUES ('1', '119', '164.80');
INSERT INTO `player_rating_log` VALUES ('1', '120', '138.01');
INSERT INTO `player_rating_log` VALUES ('1', '121', '112.03');
INSERT INTO `player_rating_log` VALUES ('1', '122', '123.12');
INSERT INTO `player_rating_log` VALUES ('1', '123', '97.15');
INSERT INTO `player_rating_log` VALUES ('1', '124', '111.25');
INSERT INTO `player_rating_log` VALUES ('1', '125', '127.18');
INSERT INTO `player_rating_log` VALUES ('1', '128', '112.67');
INSERT INTO `player_rating_log` VALUES ('1', '129', '99.31');
INSERT INTO `player_rating_log` VALUES ('1', '130', '115.38');
INSERT INTO `player_rating_log` VALUES ('1', '131', '132.22');
INSERT INTO `player_rating_log` VALUES ('1', '132', '114.74');
INSERT INTO `player_rating_log` VALUES ('1', '133', '129.28');
INSERT INTO `player_rating_log` VALUES ('1', '134', '111.82');
INSERT INTO `player_rating_log` VALUES ('1', '135', '100.01');
INSERT INTO `player_rating_log` VALUES ('1', '136', '81.48');
INSERT INTO `player_rating_log` VALUES ('1', '137', '66.58');
INSERT INTO `player_rating_log` VALUES ('1', '138', '80.06');
INSERT INTO `player_rating_log` VALUES ('1', '139', '98.44');
INSERT INTO `player_rating_log` VALUES ('1', '140', '116.96');
INSERT INTO `player_rating_log` VALUES ('1', '141', '131.99');
INSERT INTO `player_rating_log` VALUES ('1', '142', '118.58');
INSERT INTO `player_rating_log` VALUES ('1', '143', '108.42');
INSERT INTO `player_rating_log` VALUES ('1', '144', '121.86');
INSERT INTO `player_rating_log` VALUES ('1', '145', '138.29');
INSERT INTO `player_rating_log` VALUES ('1', '146', '162.60');
INSERT INTO `player_rating_log` VALUES ('1', '147', '149.78');
INSERT INTO `player_rating_log` VALUES ('1', '148', '131.09');
INSERT INTO `player_rating_log` VALUES ('1', '149', '119.75');
INSERT INTO `player_rating_log` VALUES ('1', '150', '103.03');
INSERT INTO `player_rating_log` VALUES ('1', '151', '92.83');
INSERT INTO `player_rating_log` VALUES ('1', '160', '117.95');
INSERT INTO `player_rating_log` VALUES ('1', '161', '108.62');
INSERT INTO `player_rating_log` VALUES ('1', '162', '82.05');
INSERT INTO `player_rating_log` VALUES ('1', '163', '105.97');
INSERT INTO `player_rating_log` VALUES ('1', '164', '125.39');
INSERT INTO `player_rating_log` VALUES ('1', '165', '106.65');
INSERT INTO `player_rating_log` VALUES ('1', '170', '89.11');
INSERT INTO `player_rating_log` VALUES ('1', '171', '74.26');
INSERT INTO `player_rating_log` VALUES ('1', '172', '91.45');
INSERT INTO `player_rating_log` VALUES ('1', '173', '106.86');
INSERT INTO `player_rating_log` VALUES ('1', '174', '125.19');
INSERT INTO `player_rating_log` VALUES ('1', '175', '148.17');
INSERT INTO `player_rating_log` VALUES ('1', '176', '171.32');
INSERT INTO `player_rating_log` VALUES ('1', '177', '198.64');
INSERT INTO `player_rating_log` VALUES ('1', '178', '219.44');
INSERT INTO `player_rating_log` VALUES ('1', '179', '236.27');
INSERT INTO `player_rating_log` VALUES ('1', '180', '214.68');
INSERT INTO `player_rating_log` VALUES ('1', '181', '229.66');
INSERT INTO `player_rating_log` VALUES ('1', '182', '241.91');
INSERT INTO `player_rating_log` VALUES ('1', '183', '255.24');
INSERT INTO `player_rating_log` VALUES ('1', '184', '238.42');
INSERT INTO `player_rating_log` VALUES ('1', '185', '230.22');
INSERT INTO `player_rating_log` VALUES ('1', '188', '243.23');
INSERT INTO `player_rating_log` VALUES ('1', '189', '252.67');
INSERT INTO `player_rating_log` VALUES ('1', '190', '272.03');
INSERT INTO `player_rating_log` VALUES ('1', '191', '244.05');
INSERT INTO `player_rating_log` VALUES ('1', '192', '221.18');
INSERT INTO `player_rating_log` VALUES ('1', '193', '238.63');
INSERT INTO `player_rating_log` VALUES ('1', '196', '215.03');
INSERT INTO `player_rating_log` VALUES ('1', '197', '228.42');
INSERT INTO `player_rating_log` VALUES ('1', '198', '201.04');
INSERT INTO `player_rating_log` VALUES ('1', '199', '214.64');
INSERT INTO `player_rating_log` VALUES ('1', '200', '201.15');
INSERT INTO `player_rating_log` VALUES ('1', '201', '193.16');
INSERT INTO `player_rating_log` VALUES ('1', '202', '172.24');
INSERT INTO `player_rating_log` VALUES ('1', '203', '184.29');
INSERT INTO `player_rating_log` VALUES ('1', '204', '199.78');
INSERT INTO `player_rating_log` VALUES ('1', '205', '212.01');
INSERT INTO `player_rating_log` VALUES ('1', '206', '204.59');
INSERT INTO `player_rating_log` VALUES ('1', '207', '192.45');
INSERT INTO `player_rating_log` VALUES ('1', '208', '179.35');
INSERT INTO `player_rating_log` VALUES ('1', '209', '163.40');
INSERT INTO `player_rating_log` VALUES ('1', '210', '138.87');
INSERT INTO `player_rating_log` VALUES ('1', '211', '159.35');
INSERT INTO `player_rating_log` VALUES ('1', '212', '172.73');
INSERT INTO `player_rating_log` VALUES ('1', '213', '185.87');
INSERT INTO `player_rating_log` VALUES ('1', '214', '201.38');
INSERT INTO `player_rating_log` VALUES ('1', '215', '170.49');
INSERT INTO `player_rating_log` VALUES ('1', '216', '182.01');
INSERT INTO `player_rating_log` VALUES ('1', '217', '193.68');
INSERT INTO `player_rating_log` VALUES ('1', '218', '207.53');
INSERT INTO `player_rating_log` VALUES ('1', '219', '219.38');
INSERT INTO `player_rating_log` VALUES ('1', '220', '208.08');
INSERT INTO `player_rating_log` VALUES ('1', '221', '200.44');
INSERT INTO `player_rating_log` VALUES ('1', '222', '214.08');
INSERT INTO `player_rating_log` VALUES ('1', '223', '193.26');
INSERT INTO `player_rating_log` VALUES ('1', '224', '203.38');
INSERT INTO `player_rating_log` VALUES ('1', '225', '215.84');
INSERT INTO `player_rating_log` VALUES ('1', '226', '245.57');
INSERT INTO `player_rating_log` VALUES ('1', '227', '238.46');
INSERT INTO `player_rating_log` VALUES ('1', '228', '212.47');
INSERT INTO `player_rating_log` VALUES ('1', '229', '232.07');
INSERT INTO `player_rating_log` VALUES ('1', '230', '256.16');
INSERT INTO `player_rating_log` VALUES ('1', '231', '247.30');
INSERT INTO `player_rating_log` VALUES ('1', '232', '238.54');
INSERT INTO `player_rating_log` VALUES ('1', '233', '264.38');
INSERT INTO `player_rating_log` VALUES ('1', '234', '250.41');
INSERT INTO `player_rating_log` VALUES ('1', '235', '227.36');
INSERT INTO `player_rating_log` VALUES ('1', '236', '241.35');
INSERT INTO `player_rating_log` VALUES ('1', '237', '221.97');
INSERT INTO `player_rating_log` VALUES ('1', '238', '235.18');
INSERT INTO `player_rating_log` VALUES ('1', '239', '251.84');
INSERT INTO `player_rating_log` VALUES ('1', '240', '266.97');
INSERT INTO `player_rating_log` VALUES ('1', '241', '274.27');
INSERT INTO `player_rating_log` VALUES ('1', '242', '282.55');
INSERT INTO `player_rating_log` VALUES ('1', '243', '268.29');
INSERT INTO `player_rating_log` VALUES ('1', '244', '251.08');
INSERT INTO `player_rating_log` VALUES ('1', '245', '238.28');
INSERT INTO `player_rating_log` VALUES ('1', '246', '222.98');
INSERT INTO `player_rating_log` VALUES ('1', '247', '238.88');
INSERT INTO `player_rating_log` VALUES ('1', '248', '257.29');
INSERT INTO `player_rating_log` VALUES ('1', '368', '271.14');
INSERT INTO `player_rating_log` VALUES ('1', '369', '287.51');
INSERT INTO `player_rating_log` VALUES ('1', '370', '311.04');
INSERT INTO `player_rating_log` VALUES ('1', '371', '335.11');
INSERT INTO `player_rating_log` VALUES ('1', '374', '317.68');
INSERT INTO `player_rating_log` VALUES ('1', '375', '301.29');
INSERT INTO `player_rating_log` VALUES ('1', '378', '285.42');
INSERT INTO `player_rating_log` VALUES ('1', '379', '261.85');
INSERT INTO `player_rating_log` VALUES ('2', '3', '20.00');
INSERT INTO `player_rating_log` VALUES ('2', '4', '0.00');
INSERT INTO `player_rating_log` VALUES ('2', '7', '-20.00');
INSERT INTO `player_rating_log` VALUES ('2', '8', '0.00');
INSERT INTO `player_rating_log` VALUES ('2', '9', '21.15');
INSERT INTO `player_rating_log` VALUES ('2', '10', '40.00');
INSERT INTO `player_rating_log` VALUES ('2', '19', '18.92');
INSERT INTO `player_rating_log` VALUES ('2', '20', '2.28');
INSERT INTO `player_rating_log` VALUES ('2', '21', '21.20');
INSERT INTO `player_rating_log` VALUES ('2', '22', '40.12');
INSERT INTO `player_rating_log` VALUES ('2', '29', '22.47');
INSERT INTO `player_rating_log` VALUES ('2', '30', '4.33');
INSERT INTO `player_rating_log` VALUES ('2', '33', '25.67');
INSERT INTO `player_rating_log` VALUES ('2', '34', '48.02');
INSERT INTO `player_rating_log` VALUES ('2', '37', '68.93');
INSERT INTO `player_rating_log` VALUES ('2', '38', '85.17');
INSERT INTO `player_rating_log` VALUES ('2', '39', '105.14');
INSERT INTO `player_rating_log` VALUES ('2', '40', '122.72');
INSERT INTO `player_rating_log` VALUES ('2', '41', '103.74');
INSERT INTO `player_rating_log` VALUES ('2', '42', '124.89');
INSERT INTO `player_rating_log` VALUES ('2', '43', '103.61');
INSERT INTO `player_rating_log` VALUES ('2', '44', '81.38');
INSERT INTO `player_rating_log` VALUES ('2', '45', '101.44');
INSERT INTO `player_rating_log` VALUES ('2', '46', '123.47');
INSERT INTO `player_rating_log` VALUES ('2', '47', '147.20');
INSERT INTO `player_rating_log` VALUES ('2', '48', '126.70');
INSERT INTO `player_rating_log` VALUES ('2', '49', '147.74');
INSERT INTO `player_rating_log` VALUES ('2', '56', '171.85');
INSERT INTO `player_rating_log` VALUES ('2', '57', '154.03');
INSERT INTO `player_rating_log` VALUES ('2', '58', '173.06');
INSERT INTO `player_rating_log` VALUES ('2', '59', '194.40');
INSERT INTO `player_rating_log` VALUES ('2', '60', '213.71');
INSERT INTO `player_rating_log` VALUES ('2', '61', '230.58');
INSERT INTO `player_rating_log` VALUES ('2', '62', '247.44');
INSERT INTO `player_rating_log` VALUES ('2', '63', '226.32');
INSERT INTO `player_rating_log` VALUES ('2', '64', '246.29');
INSERT INTO `player_rating_log` VALUES ('2', '65', '225.82');
INSERT INTO `player_rating_log` VALUES ('2', '66', '247.11');
INSERT INTO `player_rating_log` VALUES ('2', '67', '226.21');
INSERT INTO `player_rating_log` VALUES ('2', '68', '246.21');
INSERT INTO `player_rating_log` VALUES ('2', '69', '266.21');
INSERT INTO `player_rating_log` VALUES ('2', '94', '282.86');
INSERT INTO `player_rating_log` VALUES ('2', '95', '297.55');
INSERT INTO `player_rating_log` VALUES ('2', '96', '274.85');
INSERT INTO `player_rating_log` VALUES ('2', '97', '296.06');
INSERT INTO `player_rating_log` VALUES ('2', '98', '278.39');
INSERT INTO `player_rating_log` VALUES ('2', '99', '256.38');
INSERT INTO `player_rating_log` VALUES ('2', '100', '231.20');
INSERT INTO `player_rating_log` VALUES ('2', '101', '244.36');
INSERT INTO `player_rating_log` VALUES ('2', '102', '264.26');
INSERT INTO `player_rating_log` VALUES ('2', '103', '283.03');
INSERT INTO `player_rating_log` VALUES ('2', '104', '263.54');
INSERT INTO `player_rating_log` VALUES ('2', '105', '247.84');
INSERT INTO `player_rating_log` VALUES ('2', '106', '261.57');
INSERT INTO `player_rating_log` VALUES ('2', '107', '277.09');
INSERT INTO `player_rating_log` VALUES ('2', '108', '294.71');
INSERT INTO `player_rating_log` VALUES ('2', '109', '311.35');
INSERT INTO `player_rating_log` VALUES ('2', '110', '295.98');
INSERT INTO `player_rating_log` VALUES ('2', '111', '280.14');
INSERT INTO `player_rating_log` VALUES ('2', '112', '292.48');
INSERT INTO `player_rating_log` VALUES ('2', '113', '306.34');
INSERT INTO `player_rating_log` VALUES ('2', '114', '322.04');
INSERT INTO `player_rating_log` VALUES ('2', '115', '336.80');
INSERT INTO `player_rating_log` VALUES ('2', '116', '323.07');
INSERT INTO `player_rating_log` VALUES ('2', '117', '308.94');
INSERT INTO `player_rating_log` VALUES ('2', '118', '281.39');
INSERT INTO `player_rating_log` VALUES ('2', '119', '292.55');
INSERT INTO `player_rating_log` VALUES ('2', '120', '265.76');
INSERT INTO `player_rating_log` VALUES ('2', '121', '239.78');
INSERT INTO `player_rating_log` VALUES ('2', '122', '228.69');
INSERT INTO `player_rating_log` VALUES ('2', '123', '254.66');
INSERT INTO `player_rating_log` VALUES ('2', '124', '240.56');
INSERT INTO `player_rating_log` VALUES ('2', '125', '224.63');
INSERT INTO `player_rating_log` VALUES ('2', '126', '240.20');
INSERT INTO `player_rating_log` VALUES ('2', '127', '252.53');
INSERT INTO `player_rating_log` VALUES ('2', '130', '268.60');
INSERT INTO `player_rating_log` VALUES ('2', '131', '285.44');
INSERT INTO `player_rating_log` VALUES ('2', '132', '302.92');
INSERT INTO `player_rating_log` VALUES ('2', '133', '288.38');
INSERT INTO `player_rating_log` VALUES ('2', '134', '305.84');
INSERT INTO `player_rating_log` VALUES ('2', '135', '317.65');
INSERT INTO `player_rating_log` VALUES ('2', '136', '336.18');
INSERT INTO `player_rating_log` VALUES ('2', '137', '351.08');
INSERT INTO `player_rating_log` VALUES ('2', '138', '364.56');
INSERT INTO `player_rating_log` VALUES ('2', '139', '382.94');
INSERT INTO `player_rating_log` VALUES ('2', '140', '364.42');
INSERT INTO `player_rating_log` VALUES ('2', '141', '349.39');
INSERT INTO `player_rating_log` VALUES ('2', '142', '362.80');
INSERT INTO `player_rating_log` VALUES ('2', '143', '372.96');
INSERT INTO `player_rating_log` VALUES ('2', '144', '359.52');
INSERT INTO `player_rating_log` VALUES ('2', '145', '343.09');
INSERT INTO `player_rating_log` VALUES ('2', '146', '318.78');
INSERT INTO `player_rating_log` VALUES ('2', '147', '331.60');
INSERT INTO `player_rating_log` VALUES ('2', '148', '350.29');
INSERT INTO `player_rating_log` VALUES ('2', '149', '361.63');
INSERT INTO `player_rating_log` VALUES ('2', '150', '378.35');
INSERT INTO `player_rating_log` VALUES ('2', '151', '388.55');
INSERT INTO `player_rating_log` VALUES ('2', '152', '407.41');
INSERT INTO `player_rating_log` VALUES ('2', '153', '420.55');
INSERT INTO `player_rating_log` VALUES ('2', '156', '440.84');
INSERT INTO `player_rating_log` VALUES ('2', '157', '461.59');
INSERT INTO `player_rating_log` VALUES ('2', '158', '486.44');
INSERT INTO `player_rating_log` VALUES ('2', '159', '505.64');
INSERT INTO `player_rating_log` VALUES ('2', '160', '480.52');
INSERT INTO `player_rating_log` VALUES ('2', '161', '489.85');
INSERT INTO `player_rating_log` VALUES ('2', '162', '516.42');
INSERT INTO `player_rating_log` VALUES ('2', '163', '492.50');
INSERT INTO `player_rating_log` VALUES ('2', '164', '511.92');
INSERT INTO `player_rating_log` VALUES ('2', '165', '493.18');
INSERT INTO `player_rating_log` VALUES ('2', '166', '471.84');
INSERT INTO `player_rating_log` VALUES ('2', '167', '450.01');
INSERT INTO `player_rating_log` VALUES ('2', '168', '471.13');
INSERT INTO `player_rating_log` VALUES ('2', '169', '491.81');
INSERT INTO `player_rating_log` VALUES ('2', '170', '509.35');
INSERT INTO `player_rating_log` VALUES ('2', '171', '524.20');
INSERT INTO `player_rating_log` VALUES ('2', '172', '507.01');
INSERT INTO `player_rating_log` VALUES ('2', '173', '491.60');
INSERT INTO `player_rating_log` VALUES ('2', '176', '468.45');
INSERT INTO `player_rating_log` VALUES ('2', '177', '441.13');
INSERT INTO `player_rating_log` VALUES ('2', '178', '420.33');
INSERT INTO `player_rating_log` VALUES ('2', '179', '403.50');
INSERT INTO `player_rating_log` VALUES ('2', '180', '425.09');
INSERT INTO `player_rating_log` VALUES ('2', '181', '410.11');
INSERT INTO `player_rating_log` VALUES ('2', '182', '422.36');
INSERT INTO `player_rating_log` VALUES ('2', '183', '435.69');
INSERT INTO `player_rating_log` VALUES ('2', '184', '452.51');
INSERT INTO `player_rating_log` VALUES ('2', '185', '460.71');
INSERT INTO `player_rating_log` VALUES ('2', '186', '471.54');
INSERT INTO `player_rating_log` VALUES ('2', '187', '477.85');
INSERT INTO `player_rating_log` VALUES ('2', '188', '490.86');
INSERT INTO `player_rating_log` VALUES ('2', '189', '500.30');
INSERT INTO `player_rating_log` VALUES ('2', '192', '523.17');
INSERT INTO `player_rating_log` VALUES ('2', '193', '505.72');
INSERT INTO `player_rating_log` VALUES ('2', '194', '486.75');
INSERT INTO `player_rating_log` VALUES ('2', '195', '514.82');
INSERT INTO `player_rating_log` VALUES ('2', '196', '538.42');
INSERT INTO `player_rating_log` VALUES ('2', '197', '525.03');
INSERT INTO `player_rating_log` VALUES ('2', '198', '497.65');
INSERT INTO `player_rating_log` VALUES ('2', '199', '511.25');
INSERT INTO `player_rating_log` VALUES ('2', '200', '524.74');
INSERT INTO `player_rating_log` VALUES ('2', '201', '532.73');
INSERT INTO `player_rating_log` VALUES ('2', '202', '553.65');
INSERT INTO `player_rating_log` VALUES ('2', '203', '541.60');
INSERT INTO `player_rating_log` VALUES ('2', '204', '557.09');
INSERT INTO `player_rating_log` VALUES ('2', '205', '569.32');
INSERT INTO `player_rating_log` VALUES ('2', '206', '576.74');
INSERT INTO `player_rating_log` VALUES ('2', '207', '588.88');
INSERT INTO `player_rating_log` VALUES ('2', '208', '601.98');
INSERT INTO `player_rating_log` VALUES ('2', '209', '617.93');
INSERT INTO `player_rating_log` VALUES ('2', '210', '642.46');
INSERT INTO `player_rating_log` VALUES ('2', '211', '621.98');
INSERT INTO `player_rating_log` VALUES ('2', '212', '635.36');
INSERT INTO `player_rating_log` VALUES ('2', '213', '648.50');
INSERT INTO `player_rating_log` VALUES ('2', '214', '632.99');
INSERT INTO `player_rating_log` VALUES ('2', '215', '663.88');
INSERT INTO `player_rating_log` VALUES ('2', '216', '675.40');
INSERT INTO `player_rating_log` VALUES ('2', '217', '687.07');
INSERT INTO `player_rating_log` VALUES ('2', '218', '673.22');
INSERT INTO `player_rating_log` VALUES ('2', '219', '661.37');
INSERT INTO `player_rating_log` VALUES ('2', '220', '672.67');
INSERT INTO `player_rating_log` VALUES ('2', '221', '680.31');
INSERT INTO `player_rating_log` VALUES ('2', '222', '666.67');
INSERT INTO `player_rating_log` VALUES ('2', '223', '687.49');
INSERT INTO `player_rating_log` VALUES ('2', '224', '697.61');
INSERT INTO `player_rating_log` VALUES ('2', '225', '710.07');
INSERT INTO `player_rating_log` VALUES ('2', '226', '680.34');
INSERT INTO `player_rating_log` VALUES ('2', '227', '687.45');
INSERT INTO `player_rating_log` VALUES ('2', '228', '713.44');
INSERT INTO `player_rating_log` VALUES ('2', '229', '693.84');
INSERT INTO `player_rating_log` VALUES ('2', '230', '669.75');
INSERT INTO `player_rating_log` VALUES ('2', '231', '678.61');
INSERT INTO `player_rating_log` VALUES ('2', '232', '687.37');
INSERT INTO `player_rating_log` VALUES ('2', '237', '706.75');
INSERT INTO `player_rating_log` VALUES ('2', '238', '693.54');
INSERT INTO `player_rating_log` VALUES ('2', '239', '710.20');
INSERT INTO `player_rating_log` VALUES ('2', '240', '725.33');
INSERT INTO `player_rating_log` VALUES ('2', '241', '732.63');
INSERT INTO `player_rating_log` VALUES ('2', '242', '740.91');
INSERT INTO `player_rating_log` VALUES ('2', '243', '755.17');
INSERT INTO `player_rating_log` VALUES ('2', '244', '772.38');
INSERT INTO `player_rating_log` VALUES ('2', '245', '785.18');
INSERT INTO `player_rating_log` VALUES ('2', '246', '800.48');
INSERT INTO `player_rating_log` VALUES ('2', '247', '784.58');
INSERT INTO `player_rating_log` VALUES ('2', '248', '766.17');
INSERT INTO `player_rating_log` VALUES ('2', '249', '752.84');
INSERT INTO `player_rating_log` VALUES ('2', '250', '730.44');
INSERT INTO `player_rating_log` VALUES ('2', '253', '748.83');
INSERT INTO `player_rating_log` VALUES ('2', '254', '762.25');
INSERT INTO `player_rating_log` VALUES ('2', '255', '773.66');
INSERT INTO `player_rating_log` VALUES ('2', '256', '787.00');
INSERT INTO `player_rating_log` VALUES ('2', '257', '766.71');
INSERT INTO `player_rating_log` VALUES ('2', '258', '789.62');
INSERT INTO `player_rating_log` VALUES ('2', '263', '769.80');
INSERT INTO `player_rating_log` VALUES ('2', '264', '788.34');
INSERT INTO `player_rating_log` VALUES ('2', '265', '801.75');
INSERT INTO `player_rating_log` VALUES ('2', '266', '819.90');
INSERT INTO `player_rating_log` VALUES ('2', '267', '832.50');
INSERT INTO `player_rating_log` VALUES ('2', '268', '844.79');
INSERT INTO `player_rating_log` VALUES ('2', '269', '862.16');
INSERT INTO `player_rating_log` VALUES ('2', '270', '887.57');
INSERT INTO `player_rating_log` VALUES ('2', '271', '899.51');
INSERT INTO `player_rating_log` VALUES ('2', '272', '916.31');
INSERT INTO `player_rating_log` VALUES ('2', '273', '938.11');
INSERT INTO `player_rating_log` VALUES ('2', '274', '953.81');
INSERT INTO `player_rating_log` VALUES ('2', '275', '968.60');
INSERT INTO `player_rating_log` VALUES ('2', '276', '980.75');
INSERT INTO `player_rating_log` VALUES ('2', '277', '949.83');
INSERT INTO `player_rating_log` VALUES ('2', '278', '920.84');
INSERT INTO `player_rating_log` VALUES ('2', '281', '895.80');
INSERT INTO `player_rating_log` VALUES ('2', '282', '915.98');
INSERT INTO `player_rating_log` VALUES ('2', '283', '899.28');
INSERT INTO `player_rating_log` VALUES ('2', '284', '886.68');
INSERT INTO `player_rating_log` VALUES ('2', '285', '899.05');
INSERT INTO `player_rating_log` VALUES ('2', '286', '916.87');
INSERT INTO `player_rating_log` VALUES ('2', '287', '929.95');
INSERT INTO `player_rating_log` VALUES ('2', '288', '946.15');
INSERT INTO `player_rating_log` VALUES ('2', '291', '925.81');
INSERT INTO `player_rating_log` VALUES ('2', '292', '943.45');
INSERT INTO `player_rating_log` VALUES ('2', '293', '961.24');
INSERT INTO `player_rating_log` VALUES ('2', '294', '976.24');
INSERT INTO `player_rating_log` VALUES ('2', '297', '988.77');
INSERT INTO `player_rating_log` VALUES ('2', '298', '1003.47');
INSERT INTO `player_rating_log` VALUES ('2', '299', '1012.69');
INSERT INTO `player_rating_log` VALUES ('2', '300', '1024.72');
INSERT INTO `player_rating_log` VALUES ('2', '301', '1030.93');
INSERT INTO `player_rating_log` VALUES ('2', '302', '1018.63');
INSERT INTO `player_rating_log` VALUES ('2', '307', '1024.48');
INSERT INTO `player_rating_log` VALUES ('2', '308', '1031.04');
INSERT INTO `player_rating_log` VALUES ('2', '309', '1021.21');
INSERT INTO `player_rating_log` VALUES ('2', '310', '1011.72');
INSERT INTO `player_rating_log` VALUES ('2', '311', '1022.79');
INSERT INTO `player_rating_log` VALUES ('2', '312', '1017.14');
INSERT INTO `player_rating_log` VALUES ('2', '315', '1026.80');
INSERT INTO `player_rating_log` VALUES ('2', '316', '1034.42');
INSERT INTO `player_rating_log` VALUES ('2', '317', '1039.42');
INSERT INTO `player_rating_log` VALUES ('2', '318', '1046.18');
INSERT INTO `player_rating_log` VALUES ('2', '319', '1053.59');
INSERT INTO `player_rating_log` VALUES ('2', '320', '1060.60');
INSERT INTO `player_rating_log` VALUES ('2', '325', '1068.63');
INSERT INTO `player_rating_log` VALUES ('2', '326', '1075.36');
INSERT INTO `player_rating_log` VALUES ('2', '327', '1060.46');
INSERT INTO `player_rating_log` VALUES ('2', '328', '1065.69');
INSERT INTO `player_rating_log` VALUES ('2', '329', '1070.73');
INSERT INTO `player_rating_log` VALUES ('2', '330', '1079.37');
INSERT INTO `player_rating_log` VALUES ('2', '331', '1087.77');
INSERT INTO `player_rating_log` VALUES ('2', '338', '1093.85');
INSERT INTO `player_rating_log` VALUES ('2', '339', '1100.66');
INSERT INTO `player_rating_log` VALUES ('2', '340', '1110.74');
INSERT INTO `player_rating_log` VALUES ('2', '341', '1103.90');
INSERT INTO `player_rating_log` VALUES ('2', '344', '1089.70');
INSERT INTO `player_rating_log` VALUES ('2', '345', '1096.28');
INSERT INTO `player_rating_log` VALUES ('2', '346', '1102.24');
INSERT INTO `player_rating_log` VALUES ('2', '347', '1109.43');
INSERT INTO `player_rating_log` VALUES ('2', '348', '1115.48');
INSERT INTO `player_rating_log` VALUES ('2', '349', '1103.09');
INSERT INTO `player_rating_log` VALUES ('2', '352', '1088.19');
INSERT INTO `player_rating_log` VALUES ('2', '353', '1092.72');
INSERT INTO `player_rating_log` VALUES ('2', '354', '1097.82');
INSERT INTO `player_rating_log` VALUES ('2', '355', '1104.85');
INSERT INTO `player_rating_log` VALUES ('2', '356', '1109.90');
INSERT INTO `player_rating_log` VALUES ('2', '357', '1096.34');
INSERT INTO `player_rating_log` VALUES ('2', '360', '1082.06');
INSERT INTO `player_rating_log` VALUES ('2', '361', '1072.98');
INSERT INTO `player_rating_log` VALUES ('2', '362', '1059.32');
INSERT INTO `player_rating_log` VALUES ('2', '363', '1047.38');
INSERT INTO `player_rating_log` VALUES ('2', '364', '1057.78');
INSERT INTO `player_rating_log` VALUES ('2', '365', '1048.45');
INSERT INTO `player_rating_log` VALUES ('2', '366', '1035.04');
INSERT INTO `player_rating_log` VALUES ('2', '367', '1017.34');
INSERT INTO `player_rating_log` VALUES ('2', '370', '1005.57');
INSERT INTO `player_rating_log` VALUES ('2', '371', '993.53');
INSERT INTO `player_rating_log` VALUES ('2', '372', '1010.54');
INSERT INTO `player_rating_log` VALUES ('2', '373', '1017.56');
INSERT INTO `player_rating_log` VALUES ('2', '376', '1029.45');
INSERT INTO `player_rating_log` VALUES ('2', '377', '1018.66');
INSERT INTO `player_rating_log` VALUES ('2', '378', '1026.59');
INSERT INTO `player_rating_log` VALUES ('2', '379', '1038.38');
INSERT INTO `player_rating_log` VALUES ('3', '5', '-20.00');
INSERT INTO `player_rating_log` VALUES ('3', '6', '-40.00');
INSERT INTO `player_rating_log` VALUES ('3', '11', '-20.00');
INSERT INTO `player_rating_log` VALUES ('3', '12', '0.00');
INSERT INTO `player_rating_log` VALUES ('3', '13', '-20.00');
INSERT INTO `player_rating_log` VALUES ('3', '14', '0.00');
INSERT INTO `player_rating_log` VALUES ('3', '15', '18.85');
INSERT INTO `player_rating_log` VALUES ('3', '16', '37.70');
INSERT INTO `player_rating_log` VALUES ('3', '17', '18.85');
INSERT INTO `player_rating_log` VALUES ('3', '18', '-2.30');
INSERT INTO `player_rating_log` VALUES ('3', '29', '-19.95');
INSERT INTO `player_rating_log` VALUES ('3', '30', '-38.09');
INSERT INTO `player_rating_log` VALUES ('3', '33', '-16.75');
INSERT INTO `player_rating_log` VALUES ('3', '34', '5.60');
INSERT INTO `player_rating_log` VALUES ('3', '37', '26.51');
INSERT INTO `player_rating_log` VALUES ('3', '38', '42.75');
INSERT INTO `player_rating_log` VALUES ('3', '39', '62.72');
INSERT INTO `player_rating_log` VALUES ('3', '40', '80.30');
INSERT INTO `player_rating_log` VALUES ('3', '41', '99.28');
INSERT INTO `player_rating_log` VALUES ('3', '42', '78.13');
INSERT INTO `player_rating_log` VALUES ('3', '43', '99.41');
INSERT INTO `player_rating_log` VALUES ('3', '44', '121.64');
INSERT INTO `player_rating_log` VALUES ('3', '45', '101.58');
INSERT INTO `player_rating_log` VALUES ('3', '50', '121.45');
INSERT INTO `player_rating_log` VALUES ('3', '51', '141.45');
INSERT INTO `player_rating_log` VALUES ('3', '52', '158.15');
INSERT INTO `player_rating_log` VALUES ('3', '53', '175.92');
INSERT INTO `player_rating_log` VALUES ('3', '54', '155.01');
INSERT INTO `player_rating_log` VALUES ('3', '55', '176.89');
INSERT INTO `player_rating_log` VALUES ('3', '56', '152.78');
INSERT INTO `player_rating_log` VALUES ('3', '57', '170.60');
INSERT INTO `player_rating_log` VALUES ('3', '58', '151.57');
INSERT INTO `player_rating_log` VALUES ('3', '59', '130.23');
INSERT INTO `player_rating_log` VALUES ('3', '60', '149.54');
INSERT INTO `player_rating_log` VALUES ('3', '61', '166.41');
INSERT INTO `player_rating_log` VALUES ('3', '62', '149.55');
INSERT INTO `player_rating_log` VALUES ('3', '63', '170.67');
INSERT INTO `player_rating_log` VALUES ('3', '70', '151.75');
INSERT INTO `player_rating_log` VALUES ('3', '78', '172.97');
INSERT INTO `player_rating_log` VALUES ('3', '79', '154.65');
INSERT INTO `player_rating_log` VALUES ('3', '80', '173.96');
INSERT INTO `player_rating_log` VALUES ('3', '92', '153.42');
INSERT INTO `player_rating_log` VALUES ('3', '93', '135.10');
INSERT INTO `player_rating_log` VALUES ('3', '94', '151.75');
INSERT INTO `player_rating_log` VALUES ('3', '95', '166.44');
INSERT INTO `player_rating_log` VALUES ('3', '96', '189.14');
INSERT INTO `player_rating_log` VALUES ('3', '97', '167.93');
INSERT INTO `player_rating_log` VALUES ('3', '98', '185.60');
INSERT INTO `player_rating_log` VALUES ('3', '99', '207.61');
INSERT INTO `player_rating_log` VALUES ('3', '100', '182.43');
INSERT INTO `player_rating_log` VALUES ('3', '101', '195.59');
INSERT INTO `player_rating_log` VALUES ('3', '102', '175.69');
INSERT INTO `player_rating_log` VALUES ('3', '103', '156.92');
INSERT INTO `player_rating_log` VALUES ('3', '104', '176.41');
INSERT INTO `player_rating_log` VALUES ('3', '105', '192.11');
INSERT INTO `player_rating_log` VALUES ('3', '106', '205.84');
INSERT INTO `player_rating_log` VALUES ('3', '107', '221.36');
INSERT INTO `player_rating_log` VALUES ('3', '108', '203.74');
INSERT INTO `player_rating_log` VALUES ('3', '109', '187.10');
INSERT INTO `player_rating_log` VALUES ('3', '110', '202.47');
INSERT INTO `player_rating_log` VALUES ('3', '111', '218.31');
INSERT INTO `player_rating_log` VALUES ('3', '112', '230.65');
INSERT INTO `player_rating_log` VALUES ('3', '113', '244.51');
INSERT INTO `player_rating_log` VALUES ('3', '114', '228.81');
INSERT INTO `player_rating_log` VALUES ('3', '115', '214.05');
INSERT INTO `player_rating_log` VALUES ('3', '116', '227.78');
INSERT INTO `player_rating_log` VALUES ('3', '117', '241.91');
INSERT INTO `player_rating_log` VALUES ('3', '118', '214.36');
INSERT INTO `player_rating_log` VALUES ('3', '119', '225.52');
INSERT INTO `player_rating_log` VALUES ('3', '120', '252.31');
INSERT INTO `player_rating_log` VALUES ('3', '121', '278.29');
INSERT INTO `player_rating_log` VALUES ('3', '122', '289.38');
INSERT INTO `player_rating_log` VALUES ('3', '123', '263.41');
INSERT INTO `player_rating_log` VALUES ('3', '126', '278.98');
INSERT INTO `player_rating_log` VALUES ('3', '127', '291.31');
INSERT INTO `player_rating_log` VALUES ('3', '128', '305.82');
INSERT INTO `player_rating_log` VALUES ('3', '129', '319.18');
INSERT INTO `player_rating_log` VALUES ('3', '130', '303.11');
INSERT INTO `player_rating_log` VALUES ('3', '131', '286.27');
INSERT INTO `player_rating_log` VALUES ('3', '132', '268.79');
INSERT INTO `player_rating_log` VALUES ('3', '133', '283.33');
INSERT INTO `player_rating_log` VALUES ('3', '136', '301.86');
INSERT INTO `player_rating_log` VALUES ('3', '137', '316.76');
INSERT INTO `player_rating_log` VALUES ('3', '138', '303.28');
INSERT INTO `player_rating_log` VALUES ('3', '139', '284.90');
INSERT INTO `player_rating_log` VALUES ('3', '140', '303.42');
INSERT INTO `player_rating_log` VALUES ('3', '141', '318.45');
INSERT INTO `player_rating_log` VALUES ('3', '142', '331.86');
INSERT INTO `player_rating_log` VALUES ('3', '143', '342.02');
INSERT INTO `player_rating_log` VALUES ('3', '144', '355.46');
INSERT INTO `player_rating_log` VALUES ('3', '145', '371.89');
INSERT INTO `player_rating_log` VALUES ('3', '146', '347.58');
INSERT INTO `player_rating_log` VALUES ('3', '147', '360.40');
INSERT INTO `player_rating_log` VALUES ('3', '148', '379.09');
INSERT INTO `player_rating_log` VALUES ('3', '149', '390.43');
INSERT INTO `player_rating_log` VALUES ('3', '150', '407.15');
INSERT INTO `player_rating_log` VALUES ('3', '151', '417.35');
INSERT INTO `player_rating_log` VALUES ('3', '152', '398.49');
INSERT INTO `player_rating_log` VALUES ('3', '153', '385.35');
INSERT INTO `player_rating_log` VALUES ('3', '154', '365.12');
INSERT INTO `player_rating_log` VALUES ('3', '155', '385.07');
INSERT INTO `player_rating_log` VALUES ('3', '160', '359.95');
INSERT INTO `player_rating_log` VALUES ('3', '161', '369.28');
INSERT INTO `player_rating_log` VALUES ('3', '162', '342.71');
INSERT INTO `player_rating_log` VALUES ('3', '163', '366.63');
INSERT INTO `player_rating_log` VALUES ('3', '164', '347.21');
INSERT INTO `player_rating_log` VALUES ('3', '165', '365.95');
INSERT INTO `player_rating_log` VALUES ('3', '184', '382.77');
INSERT INTO `player_rating_log` VALUES ('3', '185', '390.97');
INSERT INTO `player_rating_log` VALUES ('3', '186', '401.80');
INSERT INTO `player_rating_log` VALUES ('3', '187', '408.11');
INSERT INTO `player_rating_log` VALUES ('3', '190', '388.75');
INSERT INTO `player_rating_log` VALUES ('3', '191', '416.73');
INSERT INTO `player_rating_log` VALUES ('3', '192', '393.86');
INSERT INTO `player_rating_log` VALUES ('3', '193', '411.31');
INSERT INTO `player_rating_log` VALUES ('3', '194', '430.28');
INSERT INTO `player_rating_log` VALUES ('3', '195', '402.21');
INSERT INTO `player_rating_log` VALUES ('3', '196', '378.61');
INSERT INTO `player_rating_log` VALUES ('3', '197', '392.00');
INSERT INTO `player_rating_log` VALUES ('3', '198', '419.38');
INSERT INTO `player_rating_log` VALUES ('3', '199', '405.78');
INSERT INTO `player_rating_log` VALUES ('3', '200', '419.27');
INSERT INTO `player_rating_log` VALUES ('3', '201', '427.26');
INSERT INTO `player_rating_log` VALUES ('3', '202', '406.34');
INSERT INTO `player_rating_log` VALUES ('3', '203', '418.39');
INSERT INTO `player_rating_log` VALUES ('3', '204', '402.90');
INSERT INTO `player_rating_log` VALUES ('3', '205', '390.67');
INSERT INTO `player_rating_log` VALUES ('3', '206', '398.09');
INSERT INTO `player_rating_log` VALUES ('3', '207', '410.23');
INSERT INTO `player_rating_log` VALUES ('3', '214', '425.74');
INSERT INTO `player_rating_log` VALUES ('3', '215', '394.85');
INSERT INTO `player_rating_log` VALUES ('3', '216', '383.33');
INSERT INTO `player_rating_log` VALUES ('3', '217', '371.66');
INSERT INTO `player_rating_log` VALUES ('3', '218', '385.51');
INSERT INTO `player_rating_log` VALUES ('3', '219', '397.36');
INSERT INTO `player_rating_log` VALUES ('3', '220', '408.66');
INSERT INTO `player_rating_log` VALUES ('3', '221', '416.30');
INSERT INTO `player_rating_log` VALUES ('3', '222', '429.94');
INSERT INTO `player_rating_log` VALUES ('3', '223', '409.12');
INSERT INTO `player_rating_log` VALUES ('3', '224', '399.00');
INSERT INTO `player_rating_log` VALUES ('3', '225', '386.54');
INSERT INTO `player_rating_log` VALUES ('3', '226', '356.81');
INSERT INTO `player_rating_log` VALUES ('3', '227', '363.92');
INSERT INTO `player_rating_log` VALUES ('3', '228', '337.93');
INSERT INTO `player_rating_log` VALUES ('3', '229', '357.53');
INSERT INTO `player_rating_log` VALUES ('3', '230', '333.44');
INSERT INTO `player_rating_log` VALUES ('3', '231', '342.30');
INSERT INTO `player_rating_log` VALUES ('3', '232', '351.06');
INSERT INTO `player_rating_log` VALUES ('3', '233', '325.22');
INSERT INTO `player_rating_log` VALUES ('3', '234', '339.19');
INSERT INTO `player_rating_log` VALUES ('3', '235', '362.24');
INSERT INTO `player_rating_log` VALUES ('3', '236', '348.25');
INSERT INTO `player_rating_log` VALUES ('3', '237', '328.87');
INSERT INTO `player_rating_log` VALUES ('3', '238', '342.08');
INSERT INTO `player_rating_log` VALUES ('3', '239', '325.42');
INSERT INTO `player_rating_log` VALUES ('3', '240', '310.29');
INSERT INTO `player_rating_log` VALUES ('3', '247', '326.19');
INSERT INTO `player_rating_log` VALUES ('3', '248', '344.60');
INSERT INTO `player_rating_log` VALUES ('3', '249', '357.93');
INSERT INTO `player_rating_log` VALUES ('3', '250', '380.33');
INSERT INTO `player_rating_log` VALUES ('3', '251', '394.43');
INSERT INTO `player_rating_log` VALUES ('3', '252', '415.88');
INSERT INTO `player_rating_log` VALUES ('3', '253', '397.49');
INSERT INTO `player_rating_log` VALUES ('3', '254', '384.07');
INSERT INTO `player_rating_log` VALUES ('3', '255', '372.66');
INSERT INTO `player_rating_log` VALUES ('3', '256', '359.32');
INSERT INTO `player_rating_log` VALUES ('3', '257', '379.61');
INSERT INTO `player_rating_log` VALUES ('3', '258', '356.70');
INSERT INTO `player_rating_log` VALUES ('3', '259', '372.14');
INSERT INTO `player_rating_log` VALUES ('3', '260', '393.73');
INSERT INTO `player_rating_log` VALUES ('3', '269', '376.36');
INSERT INTO `player_rating_log` VALUES ('3', '270', '350.95');
INSERT INTO `player_rating_log` VALUES ('3', '273', '329.15');
INSERT INTO `player_rating_log` VALUES ('3', '274', '313.45');
INSERT INTO `player_rating_log` VALUES ('3', '277', '344.37');
INSERT INTO `player_rating_log` VALUES ('3', '278', '373.36');
INSERT INTO `player_rating_log` VALUES ('3', '279', '388.78');
INSERT INTO `player_rating_log` VALUES ('3', '280', '406.64');
INSERT INTO `player_rating_log` VALUES ('3', '281', '431.68');
INSERT INTO `player_rating_log` VALUES ('3', '282', '411.50');
INSERT INTO `player_rating_log` VALUES ('3', '283', '428.20');
INSERT INTO `player_rating_log` VALUES ('3', '284', '440.80');
INSERT INTO `player_rating_log` VALUES ('3', '285', '428.43');
INSERT INTO `player_rating_log` VALUES ('3', '286', '410.61');
INSERT INTO `player_rating_log` VALUES ('3', '289', '432.04');
INSERT INTO `player_rating_log` VALUES ('3', '290', '451.55');
INSERT INTO `player_rating_log` VALUES ('3', '291', '471.89');
INSERT INTO `player_rating_log` VALUES ('3', '292', '454.25');
INSERT INTO `player_rating_log` VALUES ('3', '295', '469.95');
INSERT INTO `player_rating_log` VALUES ('3', '296', '485.13');
INSERT INTO `player_rating_log` VALUES ('3', '299', '466.69');
INSERT INTO `player_rating_log` VALUES ('3', '300', '442.63');
INSERT INTO `player_rating_log` VALUES ('3', '303', '454.97');
INSERT INTO `player_rating_log` VALUES ('3', '304', '433.42');
INSERT INTO `player_rating_log` VALUES ('3', '305', '413.13');
INSERT INTO `player_rating_log` VALUES ('3', '306', '430.65');
INSERT INTO `player_rating_log` VALUES ('3', '307', '418.95');
INSERT INTO `player_rating_log` VALUES ('3', '308', '405.82');
INSERT INTO `player_rating_log` VALUES ('3', '309', '425.49');
INSERT INTO `player_rating_log` VALUES ('3', '310', '444.46');
INSERT INTO `player_rating_log` VALUES ('3', '311', '422.33');
INSERT INTO `player_rating_log` VALUES ('3', '312', '433.63');
INSERT INTO `player_rating_log` VALUES ('3', '315', '414.31');
INSERT INTO `player_rating_log` VALUES ('3', '316', '399.06');
INSERT INTO `player_rating_log` VALUES ('3', '319', '384.23');
INSERT INTO `player_rating_log` VALUES ('3', '320', '370.20');
INSERT INTO `player_rating_log` VALUES ('3', '321', '383.76');
INSERT INTO `player_rating_log` VALUES ('3', '322', '400.86');
INSERT INTO `player_rating_log` VALUES ('3', '356', '390.76');
INSERT INTO `player_rating_log` VALUES ('3', '357', '417.88');
INSERT INTO `player_rating_log` VALUES ('3', '358', '436.14');
INSERT INTO `player_rating_log` VALUES ('3', '359', '453.48');
INSERT INTO `player_rating_log` VALUES ('3', '360', '482.05');
INSERT INTO `player_rating_log` VALUES ('3', '361', '500.20');
INSERT INTO `player_rating_log` VALUES ('3', '362', '527.52');
INSERT INTO `player_rating_log` VALUES ('3', '363', '551.41');
INSERT INTO `player_rating_log` VALUES ('3', '364', '530.60');
INSERT INTO `player_rating_log` VALUES ('3', '365', '549.27');
INSERT INTO `player_rating_log` VALUES ('3', '366', '522.44');
INSERT INTO `player_rating_log` VALUES ('3', '367', '487.04');
INSERT INTO `player_rating_log` VALUES ('3', '368', '473.19');
INSERT INTO `player_rating_log` VALUES ('3', '369', '456.82');
INSERT INTO `player_rating_log` VALUES ('3', '372', '439.81');
INSERT INTO `player_rating_log` VALUES ('3', '373', '425.77');
INSERT INTO `player_rating_log` VALUES ('3', '376', '402.00');
INSERT INTO `player_rating_log` VALUES ('3', '377', '423.58');
INSERT INTO `player_rating_log` VALUES ('4', '3', '-20.00');
INSERT INTO `player_rating_log` VALUES ('4', '4', '0.00');
INSERT INTO `player_rating_log` VALUES ('4', '7', '20.00');
INSERT INTO `player_rating_log` VALUES ('4', '8', '0.00');
INSERT INTO `player_rating_log` VALUES ('4', '9', '-21.15');
INSERT INTO `player_rating_log` VALUES ('4', '10', '-40.00');
INSERT INTO `player_rating_log` VALUES ('4', '11', '-20.00');
INSERT INTO `player_rating_log` VALUES ('4', '12', '0.00');
INSERT INTO `player_rating_log` VALUES ('4', '13', '20.00');
INSERT INTO `player_rating_log` VALUES ('4', '14', '0.00');
INSERT INTO `player_rating_log` VALUES ('4', '15', '18.85');
INSERT INTO `player_rating_log` VALUES ('4', '16', '37.70');
INSERT INTO `player_rating_log` VALUES ('4', '17', '56.55');
INSERT INTO `player_rating_log` VALUES ('4', '18', '77.70');
INSERT INTO `player_rating_log` VALUES ('4', '19', '98.78');
INSERT INTO `player_rating_log` VALUES ('4', '20', '115.42');
INSERT INTO `player_rating_log` VALUES ('4', '21', '134.34');
INSERT INTO `player_rating_log` VALUES ('4', '22', '153.26');
INSERT INTO `player_rating_log` VALUES ('4', '23', '171.98');
INSERT INTO `player_rating_log` VALUES ('4', '24', '148.81');
INSERT INTO `player_rating_log` VALUES ('4', '25', '166.71');
INSERT INTO `player_rating_log` VALUES ('4', '26', '146.77');
INSERT INTO `player_rating_log` VALUES ('4', '29', '164.42');
INSERT INTO `player_rating_log` VALUES ('4', '30', '182.56');
INSERT INTO `player_rating_log` VALUES ('4', '31', '158.18');
INSERT INTO `player_rating_log` VALUES ('4', '32', '136.61');
INSERT INTO `player_rating_log` VALUES ('4', '35', '114.32');
INSERT INTO `player_rating_log` VALUES ('4', '36', '94.32');
INSERT INTO `player_rating_log` VALUES ('4', '37', '73.41');
INSERT INTO `player_rating_log` VALUES ('4', '38', '57.17');
INSERT INTO `player_rating_log` VALUES ('4', '41', '76.15');
INSERT INTO `player_rating_log` VALUES ('4', '42', '55.00');
INSERT INTO `player_rating_log` VALUES ('4', '43', '76.28');
INSERT INTO `player_rating_log` VALUES ('4', '44', '54.05');
INSERT INTO `player_rating_log` VALUES ('4', '45', '74.11');
INSERT INTO `player_rating_log` VALUES ('4', '46', '52.08');
INSERT INTO `player_rating_log` VALUES ('4', '47', '28.35');
INSERT INTO `player_rating_log` VALUES ('4', '48', '48.85');
INSERT INTO `player_rating_log` VALUES ('4', '49', '27.81');
INSERT INTO `player_rating_log` VALUES ('4', '50', '7.94');
INSERT INTO `player_rating_log` VALUES ('4', '51', '-12.06');
INSERT INTO `player_rating_log` VALUES ('4', '52', '4.64');
INSERT INTO `player_rating_log` VALUES ('4', '53', '22.41');
INSERT INTO `player_rating_log` VALUES ('4', '54', '43.32');
INSERT INTO `player_rating_log` VALUES ('4', '55', '21.44');
INSERT INTO `player_rating_log` VALUES ('4', '56', '-2.67');
INSERT INTO `player_rating_log` VALUES ('4', '57', '15.15');
INSERT INTO `player_rating_log` VALUES ('4', '58', '34.18');
INSERT INTO `player_rating_log` VALUES ('4', '59', '55.52');
INSERT INTO `player_rating_log` VALUES ('4', '60', '36.21');
INSERT INTO `player_rating_log` VALUES ('4', '61', '19.34');
INSERT INTO `player_rating_log` VALUES ('4', '62', '36.20');
INSERT INTO `player_rating_log` VALUES ('4', '63', '15.08');
INSERT INTO `player_rating_log` VALUES ('4', '79', '33.40');
INSERT INTO `player_rating_log` VALUES ('4', '80', '14.09');
INSERT INTO `player_rating_log` VALUES ('4', '81', '38.55');
INSERT INTO `player_rating_log` VALUES ('4', '82', '18.74');
INSERT INTO `player_rating_log` VALUES ('4', '84', '40.95');
INSERT INTO `player_rating_log` VALUES ('4', '85', '21.27');
INSERT INTO `player_rating_log` VALUES ('4', '86', '0.24');
INSERT INTO `player_rating_log` VALUES ('4', '87', '-22.94');
INSERT INTO `player_rating_log` VALUES ('4', '88', '-1.15');
INSERT INTO `player_rating_log` VALUES ('4', '89', '18.28');
INSERT INTO `player_rating_log` VALUES ('4', '90', '-4.73');
INSERT INTO `player_rating_log` VALUES ('4', '91', '16.60');
INSERT INTO `player_rating_log` VALUES ('4', '92', '37.14');
INSERT INTO `player_rating_log` VALUES ('4', '93', '55.46');
INSERT INTO `player_rating_log` VALUES ('4', '124', '69.56');
INSERT INTO `player_rating_log` VALUES ('4', '125', '85.49');
INSERT INTO `player_rating_log` VALUES ('4', '126', '69.92');
INSERT INTO `player_rating_log` VALUES ('4', '127', '57.59');
INSERT INTO `player_rating_log` VALUES ('4', '128', '72.10');
INSERT INTO `player_rating_log` VALUES ('4', '129', '85.46');
INSERT INTO `player_rating_log` VALUES ('4', '132', '102.94');
INSERT INTO `player_rating_log` VALUES ('4', '133', '88.40');
INSERT INTO `player_rating_log` VALUES ('4', '134', '105.86');
INSERT INTO `player_rating_log` VALUES ('4', '135', '117.67');
INSERT INTO `player_rating_log` VALUES ('4', '136', '99.14');
INSERT INTO `player_rating_log` VALUES ('4', '137', '84.24');
INSERT INTO `player_rating_log` VALUES ('4', '146', '108.55');
INSERT INTO `player_rating_log` VALUES ('4', '147', '95.73');
INSERT INTO `player_rating_log` VALUES ('4', '148', '77.04');
INSERT INTO `player_rating_log` VALUES ('4', '149', '65.70');
INSERT INTO `player_rating_log` VALUES ('4', '150', '48.98');
INSERT INTO `player_rating_log` VALUES ('4', '151', '38.78');
INSERT INTO `player_rating_log` VALUES ('4', '152', '57.64');
INSERT INTO `player_rating_log` VALUES ('4', '153', '70.78');
INSERT INTO `player_rating_log` VALUES ('4', '154', '91.01');
INSERT INTO `player_rating_log` VALUES ('4', '155', '71.06');
INSERT INTO `player_rating_log` VALUES ('4', '156', '50.77');
INSERT INTO `player_rating_log` VALUES ('4', '157', '30.02');
INSERT INTO `player_rating_log` VALUES ('4', '158', '5.17');
INSERT INTO `player_rating_log` VALUES ('4', '159', '-14.03');
INSERT INTO `player_rating_log` VALUES ('4', '160', '11.09');
INSERT INTO `player_rating_log` VALUES ('4', '161', '1.76');
INSERT INTO `player_rating_log` VALUES ('4', '162', '28.33');
INSERT INTO `player_rating_log` VALUES ('4', '163', '4.41');
INSERT INTO `player_rating_log` VALUES ('4', '164', '-15.01');
INSERT INTO `player_rating_log` VALUES ('4', '165', '3.73');
INSERT INTO `player_rating_log` VALUES ('4', '166', '25.07');
INSERT INTO `player_rating_log` VALUES ('4', '167', '46.90');
INSERT INTO `player_rating_log` VALUES ('4', '168', '25.78');
INSERT INTO `player_rating_log` VALUES ('4', '169', '5.10');
INSERT INTO `player_rating_log` VALUES ('4', '172', '22.29');
INSERT INTO `player_rating_log` VALUES ('4', '173', '37.70');
INSERT INTO `player_rating_log` VALUES ('4', '174', '19.37');
INSERT INTO `player_rating_log` VALUES ('4', '175', '-3.61');
INSERT INTO `player_rating_log` VALUES ('4', '176', '-26.76');
INSERT INTO `player_rating_log` VALUES ('4', '177', '-54.08');
INSERT INTO `player_rating_log` VALUES ('4', '178', '-33.28');
INSERT INTO `player_rating_log` VALUES ('4', '179', '-16.45');
INSERT INTO `player_rating_log` VALUES ('4', '180', '-38.04');
INSERT INTO `player_rating_log` VALUES ('4', '181', '-23.06');
INSERT INTO `player_rating_log` VALUES ('4', '182', '-35.31');
INSERT INTO `player_rating_log` VALUES ('4', '183', '-48.64');
INSERT INTO `player_rating_log` VALUES ('4', '186', '-59.47');
INSERT INTO `player_rating_log` VALUES ('4', '187', '-65.78');
INSERT INTO `player_rating_log` VALUES ('4', '188', '-78.79');
INSERT INTO `player_rating_log` VALUES ('4', '189', '-88.23');
INSERT INTO `player_rating_log` VALUES ('4', '190', '-68.87');
INSERT INTO `player_rating_log` VALUES ('4', '191', '-96.85');
INSERT INTO `player_rating_log` VALUES ('4', '192', '-73.98');
INSERT INTO `player_rating_log` VALUES ('4', '193', '-91.43');
INSERT INTO `player_rating_log` VALUES ('4', '194', '-72.46');
INSERT INTO `player_rating_log` VALUES ('4', '195', '-100.53');
INSERT INTO `player_rating_log` VALUES ('4', '230', '-76.44');
INSERT INTO `player_rating_log` VALUES ('4', '231', '-85.30');
INSERT INTO `player_rating_log` VALUES ('4', '232', '-94.06');
INSERT INTO `player_rating_log` VALUES ('4', '233', '-119.90');
INSERT INTO `player_rating_log` VALUES ('4', '234', '-105.93');
INSERT INTO `player_rating_log` VALUES ('4', '235', '-128.98');
INSERT INTO `player_rating_log` VALUES ('4', '236', '-114.99');
INSERT INTO `player_rating_log` VALUES ('4', '239', '-131.65');
INSERT INTO `player_rating_log` VALUES ('4', '240', '-146.78');
INSERT INTO `player_rating_log` VALUES ('4', '241', '-154.08');
INSERT INTO `player_rating_log` VALUES ('4', '242', '-162.36');
INSERT INTO `player_rating_log` VALUES ('4', '243', '-148.10');
INSERT INTO `player_rating_log` VALUES ('4', '244', '-130.89');
INSERT INTO `player_rating_log` VALUES ('4', '245', '-118.09');
INSERT INTO `player_rating_log` VALUES ('4', '246', '-102.79');
INSERT INTO `player_rating_log` VALUES ('4', '251', '-116.89');
INSERT INTO `player_rating_log` VALUES ('4', '252', '-138.34');
INSERT INTO `player_rating_log` VALUES ('4', '253', '-119.95');
INSERT INTO `player_rating_log` VALUES ('4', '254', '-106.53');
INSERT INTO `player_rating_log` VALUES ('4', '255', '-95.12');
INSERT INTO `player_rating_log` VALUES ('4', '256', '-81.78');
INSERT INTO `player_rating_log` VALUES ('4', '257', '-61.49');
INSERT INTO `player_rating_log` VALUES ('4', '258', '-84.40');
INSERT INTO `player_rating_log` VALUES ('4', '259', '-99.84');
INSERT INTO `player_rating_log` VALUES ('4', '260', '-121.43');
INSERT INTO `player_rating_log` VALUES ('4', '261', '-137.99');
INSERT INTO `player_rating_log` VALUES ('4', '262', '-112.88');
INSERT INTO `player_rating_log` VALUES ('4', '263', '-93.06');
INSERT INTO `player_rating_log` VALUES ('4', '264', '-111.60');
INSERT INTO `player_rating_log` VALUES ('4', '265', '-125.01');
INSERT INTO `player_rating_log` VALUES ('4', '266', '-143.16');
INSERT INTO `player_rating_log` VALUES ('4', '267', '-130.56');
INSERT INTO `player_rating_log` VALUES ('4', '268', '-118.27');
INSERT INTO `player_rating_log` VALUES ('4', '269', '-135.64');
INSERT INTO `player_rating_log` VALUES ('4', '270', '-161.05');
INSERT INTO `player_rating_log` VALUES ('4', '271', '-172.99');
INSERT INTO `player_rating_log` VALUES ('4', '272', '-189.79');
INSERT INTO `player_rating_log` VALUES ('4', '275', '-175.00');
INSERT INTO `player_rating_log` VALUES ('4', '276', '-162.85');
INSERT INTO `player_rating_log` VALUES ('4', '277', '-193.77');
INSERT INTO `player_rating_log` VALUES ('4', '278', '-222.76');
INSERT INTO `player_rating_log` VALUES ('4', '279', '-238.18');
INSERT INTO `player_rating_log` VALUES ('4', '280', '-256.04');
INSERT INTO `player_rating_log` VALUES ('4', '287', '-269.12');
INSERT INTO `player_rating_log` VALUES ('4', '288', '-285.32');
INSERT INTO `player_rating_log` VALUES ('4', '289', '-306.75');
INSERT INTO `player_rating_log` VALUES ('4', '290', '-326.26');
INSERT INTO `player_rating_log` VALUES ('4', '295', '-341.96');
INSERT INTO `player_rating_log` VALUES ('4', '296', '-357.14');
INSERT INTO `player_rating_log` VALUES ('4', '297', '-344.61');
INSERT INTO `player_rating_log` VALUES ('4', '298', '-329.91');
INSERT INTO `player_rating_log` VALUES ('4', '301', '-342.32');
INSERT INTO `player_rating_log` VALUES ('4', '302', '-317.73');
INSERT INTO `player_rating_log` VALUES ('4', '303', '-330.07');
INSERT INTO `player_rating_log` VALUES ('4', '304', '-308.52');
INSERT INTO `player_rating_log` VALUES ('4', '307', '-296.82');
INSERT INTO `player_rating_log` VALUES ('4', '308', '-283.69');
INSERT INTO `player_rating_log` VALUES ('4', '309', '-264.02');
INSERT INTO `player_rating_log` VALUES ('4', '310', '-245.05');
INSERT INTO `player_rating_log` VALUES ('4', '313', '-259.39');
INSERT INTO `player_rating_log` VALUES ('4', '314', '-232.22');
INSERT INTO `player_rating_log` VALUES ('4', '317', '-222.21');
INSERT INTO `player_rating_log` VALUES ('4', '318', '-208.68');
INSERT INTO `player_rating_log` VALUES ('4', '321', '-195.12');
INSERT INTO `player_rating_log` VALUES ('4', '322', '-178.02');
INSERT INTO `player_rating_log` VALUES ('4', '323', '-196.32');
INSERT INTO `player_rating_log` VALUES ('4', '324', '-214.39');
INSERT INTO `player_rating_log` VALUES ('4', '327', '-184.60');
INSERT INTO `player_rating_log` VALUES ('4', '328', '-195.05');
INSERT INTO `player_rating_log` VALUES ('4', '329', '-205.14');
INSERT INTO `player_rating_log` VALUES ('4', '332', '-222.27');
INSERT INTO `player_rating_log` VALUES ('4', '333', '-199.06');
INSERT INTO `player_rating_log` VALUES ('4', '334', '-178.48');
INSERT INTO `player_rating_log` VALUES ('4', '335', '-157.16');
INSERT INTO `player_rating_log` VALUES ('4', '336', '-131.92');
INSERT INTO `player_rating_log` VALUES ('4', '337', '-106.02');
INSERT INTO `player_rating_log` VALUES ('4', '338', '-118.19');
INSERT INTO `player_rating_log` VALUES ('4', '339', '-131.81');
INSERT INTO `player_rating_log` VALUES ('4', '340', '-151.97');
INSERT INTO `player_rating_log` VALUES ('4', '341', '-138.28');
INSERT INTO `player_rating_log` VALUES ('4', '342', '-117.99');
INSERT INTO `player_rating_log` VALUES ('4', '343', '-92.40');
INSERT INTO `player_rating_log` VALUES ('4', '344', '-120.81');
INSERT INTO `player_rating_log` VALUES ('4', '345', '-107.65');
INSERT INTO `player_rating_log` VALUES ('4', '346', '-95.72');
INSERT INTO `player_rating_log` VALUES ('4', '347', '-81.34');
INSERT INTO `player_rating_log` VALUES ('4', '350', '-58.42');
INSERT INTO `player_rating_log` VALUES ('4', '351', '-73.04');
INSERT INTO `player_rating_log` VALUES ('4', '352', '-102.83');
INSERT INTO `player_rating_log` VALUES ('4', '353', '-93.77');
INSERT INTO `player_rating_log` VALUES ('4', '354', '-103.97');
INSERT INTO `player_rating_log` VALUES ('4', '355', '-118.02');
INSERT INTO `player_rating_log` VALUES ('4', '356', '-107.92');
INSERT INTO `player_rating_log` VALUES ('4', '357', '-135.04');
INSERT INTO `player_rating_log` VALUES ('4', '358', '-153.30');
INSERT INTO `player_rating_log` VALUES ('4', '359', '-170.64');
INSERT INTO `player_rating_log` VALUES ('4', '362', '-197.96');
INSERT INTO `player_rating_log` VALUES ('4', '363', '-221.85');
INSERT INTO `player_rating_log` VALUES ('4', '364', '-242.66');
INSERT INTO `player_rating_log` VALUES ('4', '365', '-223.99');
INSERT INTO `player_rating_log` VALUES ('4', '366', '-197.16');
INSERT INTO `player_rating_log` VALUES ('4', '367', '-161.76');
INSERT INTO `player_rating_log` VALUES ('4', '370', '-185.29');
INSERT INTO `player_rating_log` VALUES ('4', '371', '-209.36');
INSERT INTO `player_rating_log` VALUES ('4', '372', '-192.35');
INSERT INTO `player_rating_log` VALUES ('4', '373', '-178.31');
INSERT INTO `player_rating_log` VALUES ('4', '376', '-202.08');
INSERT INTO `player_rating_log` VALUES ('4', '377', '-180.50');
INSERT INTO `player_rating_log` VALUES ('4', '378', '-196.37');
INSERT INTO `player_rating_log` VALUES ('4', '379', '-219.94');
INSERT INTO `player_rating_log` VALUES ('5', '3', '20.00');
INSERT INTO `player_rating_log` VALUES ('5', '4', '0.00');
INSERT INTO `player_rating_log` VALUES ('5', '13', '20.00');
INSERT INTO `player_rating_log` VALUES ('5', '14', '0.00');
INSERT INTO `player_rating_log` VALUES ('5', '15', '-18.85');
INSERT INTO `player_rating_log` VALUES ('5', '16', '-37.70');
INSERT INTO `player_rating_log` VALUES ('5', '17', '-56.55');
INSERT INTO `player_rating_log` VALUES ('5', '18', '-77.70');
INSERT INTO `player_rating_log` VALUES ('5', '19', '-98.78');
INSERT INTO `player_rating_log` VALUES ('5', '20', '-115.42');
INSERT INTO `player_rating_log` VALUES ('5', '21', '-134.34');
INSERT INTO `player_rating_log` VALUES ('5', '22', '-153.26');
INSERT INTO `player_rating_log` VALUES ('5', '23', '-171.98');
INSERT INTO `player_rating_log` VALUES ('5', '24', '-148.81');
INSERT INTO `player_rating_log` VALUES ('5', '25', '-166.71');
INSERT INTO `player_rating_log` VALUES ('5', '26', '-146.77');
INSERT INTO `player_rating_log` VALUES ('5', '31', '-122.39');
INSERT INTO `player_rating_log` VALUES ('5', '32', '-100.82');
INSERT INTO `player_rating_log` VALUES ('5', '33', '-122.16');
INSERT INTO `player_rating_log` VALUES ('5', '34', '-144.51');
INSERT INTO `player_rating_log` VALUES ('5', '35', '-166.80');
INSERT INTO `player_rating_log` VALUES ('5', '36', '-186.80');
INSERT INTO `player_rating_log` VALUES ('5', '37', '-207.71');
INSERT INTO `player_rating_log` VALUES ('5', '38', '-223.95');
INSERT INTO `player_rating_log` VALUES ('5', '46', '-201.92');
INSERT INTO `player_rating_log` VALUES ('5', '47', '-178.19');
INSERT INTO `player_rating_log` VALUES ('5', '48', '-198.69');
INSERT INTO `player_rating_log` VALUES ('5', '49', '-177.65');
INSERT INTO `player_rating_log` VALUES ('5', '64', '-157.68');
INSERT INTO `player_rating_log` VALUES ('5', '65', '-178.15');
INSERT INTO `player_rating_log` VALUES ('5', '66', '-199.44');
INSERT INTO `player_rating_log` VALUES ('5', '67', '-178.54');
INSERT INTO `player_rating_log` VALUES ('5', '68', '-198.54');
INSERT INTO `player_rating_log` VALUES ('5', '69', '-218.54');
INSERT INTO `player_rating_log` VALUES ('5', '70', '-237.46');
INSERT INTO `player_rating_log` VALUES ('5', '78', '-216.24');
INSERT INTO `player_rating_log` VALUES ('5', '79', '-234.56');
INSERT INTO `player_rating_log` VALUES ('5', '80', '-215.25');
INSERT INTO `player_rating_log` VALUES ('5', '84', '-193.04');
INSERT INTO `player_rating_log` VALUES ('5', '85', '-212.72');
INSERT INTO `player_rating_log` VALUES ('5', '86', '-191.69');
INSERT INTO `player_rating_log` VALUES ('5', '87', '-208.51');
INSERT INTO `player_rating_log` VALUES ('5', '88', '-230.30');
INSERT INTO `player_rating_log` VALUES ('5', '89', '-249.73');
INSERT INTO `player_rating_log` VALUES ('5', '90', '-226.72');
INSERT INTO `player_rating_log` VALUES ('5', '91', '-248.05');
INSERT INTO `player_rating_log` VALUES ('5', '138', '-261.53');
INSERT INTO `player_rating_log` VALUES ('5', '139', '-279.91');
INSERT INTO `player_rating_log` VALUES ('5', '140', '-298.43');
INSERT INTO `player_rating_log` VALUES ('5', '141', '-313.46');
INSERT INTO `player_rating_log` VALUES ('5', '142', '-326.87');
INSERT INTO `player_rating_log` VALUES ('5', '143', '-337.03');
INSERT INTO `player_rating_log` VALUES ('5', '144', '-350.47');
INSERT INTO `player_rating_log` VALUES ('5', '145', '-366.90');
INSERT INTO `player_rating_log` VALUES ('5', '154', '-346.67');
INSERT INTO `player_rating_log` VALUES ('5', '155', '-366.62');
INSERT INTO `player_rating_log` VALUES ('5', '156', '-346.33');
INSERT INTO `player_rating_log` VALUES ('5', '157', '-325.58');
INSERT INTO `player_rating_log` VALUES ('5', '158', '-350.43');
INSERT INTO `player_rating_log` VALUES ('5', '159', '-369.63');
INSERT INTO `player_rating_log` VALUES ('5', '166', '-390.97');
INSERT INTO `player_rating_log` VALUES ('5', '167', '-412.80');
INSERT INTO `player_rating_log` VALUES ('5', '168', '-391.68');
INSERT INTO `player_rating_log` VALUES ('5', '169', '-371.00');
INSERT INTO `player_rating_log` VALUES ('5', '170', '-353.46');
INSERT INTO `player_rating_log` VALUES ('5', '171', '-338.61');
INSERT INTO `player_rating_log` VALUES ('5', '174', '-320.28');
INSERT INTO `player_rating_log` VALUES ('5', '175', '-297.30');
INSERT INTO `player_rating_log` VALUES ('5', '176', '-274.15');
INSERT INTO `player_rating_log` VALUES ('5', '177', '-246.83');
INSERT INTO `player_rating_log` VALUES ('5', '178', '-267.63');
INSERT INTO `player_rating_log` VALUES ('5', '179', '-284.46');
INSERT INTO `player_rating_log` VALUES ('5', '180', '-262.87');
INSERT INTO `player_rating_log` VALUES ('5', '181', '-277.85');
INSERT INTO `player_rating_log` VALUES ('5', '182', '-290.10');
INSERT INTO `player_rating_log` VALUES ('5', '183', '-303.43');
INSERT INTO `player_rating_log` VALUES ('5', '184', '-320.25');
INSERT INTO `player_rating_log` VALUES ('5', '185', '-328.45');
INSERT INTO `player_rating_log` VALUES ('5', '186', '-339.28');
INSERT INTO `player_rating_log` VALUES ('5', '187', '-345.59');
INSERT INTO `player_rating_log` VALUES ('5', '188', '-358.60');
INSERT INTO `player_rating_log` VALUES ('5', '189', '-368.04');
INSERT INTO `player_rating_log` VALUES ('5', '190', '-387.40');
INSERT INTO `player_rating_log` VALUES ('5', '191', '-359.42');
INSERT INTO `player_rating_log` VALUES ('5', '194', '-378.39');
INSERT INTO `player_rating_log` VALUES ('5', '195', '-350.32');
INSERT INTO `player_rating_log` VALUES ('5', '196', '-326.72');
INSERT INTO `player_rating_log` VALUES ('5', '197', '-340.11');
INSERT INTO `player_rating_log` VALUES ('5', '198', '-312.73');
INSERT INTO `player_rating_log` VALUES ('5', '199', '-326.33');
INSERT INTO `player_rating_log` VALUES ('5', '200', '-339.82');
INSERT INTO `player_rating_log` VALUES ('5', '201', '-347.81');
INSERT INTO `player_rating_log` VALUES ('5', '202', '-326.89');
INSERT INTO `player_rating_log` VALUES ('5', '203', '-338.94');
INSERT INTO `player_rating_log` VALUES ('5', '204', '-354.43');
INSERT INTO `player_rating_log` VALUES ('5', '205', '-366.66');
INSERT INTO `player_rating_log` VALUES ('5', '206', '-374.08');
INSERT INTO `player_rating_log` VALUES ('5', '207', '-386.22');
INSERT INTO `player_rating_log` VALUES ('5', '208', '-373.12');
INSERT INTO `player_rating_log` VALUES ('5', '209', '-357.17');
INSERT INTO `player_rating_log` VALUES ('5', '210', '-381.70');
INSERT INTO `player_rating_log` VALUES ('5', '211', '-361.22');
INSERT INTO `player_rating_log` VALUES ('5', '212', '-374.60');
INSERT INTO `player_rating_log` VALUES ('5', '213', '-387.74');
INSERT INTO `player_rating_log` VALUES ('5', '233', '-361.90');
INSERT INTO `player_rating_log` VALUES ('5', '234', '-375.87');
INSERT INTO `player_rating_log` VALUES ('5', '235', '-352.82');
INSERT INTO `player_rating_log` VALUES ('5', '236', '-366.81');
INSERT INTO `player_rating_log` VALUES ('5', '237', '-347.43');
INSERT INTO `player_rating_log` VALUES ('5', '238', '-360.64');
INSERT INTO `player_rating_log` VALUES ('5', '241', '-367.94');
INSERT INTO `player_rating_log` VALUES ('5', '242', '-376.22');
INSERT INTO `player_rating_log` VALUES ('5', '243', '-390.48');
INSERT INTO `player_rating_log` VALUES ('5', '244', '-407.69');
INSERT INTO `player_rating_log` VALUES ('5', '245', '-420.49');
INSERT INTO `player_rating_log` VALUES ('5', '246', '-435.79');
INSERT INTO `player_rating_log` VALUES ('5', '247', '-451.69');
INSERT INTO `player_rating_log` VALUES ('5', '248', '-470.10');
INSERT INTO `player_rating_log` VALUES ('5', '249', '-456.77');
INSERT INTO `player_rating_log` VALUES ('5', '250', '-434.37');
INSERT INTO `player_rating_log` VALUES ('5', '251', '-420.27');
INSERT INTO `player_rating_log` VALUES ('5', '252', '-398.82');
INSERT INTO `player_rating_log` VALUES ('5', '253', '-417.21');
INSERT INTO `player_rating_log` VALUES ('5', '254', '-430.63');
INSERT INTO `player_rating_log` VALUES ('5', '259', '-415.19');
INSERT INTO `player_rating_log` VALUES ('5', '260', '-393.60');
INSERT INTO `player_rating_log` VALUES ('5', '261', '-377.04');
INSERT INTO `player_rating_log` VALUES ('5', '262', '-402.15');
INSERT INTO `player_rating_log` VALUES ('5', '263', '-382.33');
INSERT INTO `player_rating_log` VALUES ('5', '264', '-400.87');
INSERT INTO `player_rating_log` VALUES ('5', '265', '-387.46');
INSERT INTO `player_rating_log` VALUES ('5', '266', '-369.31');
INSERT INTO `player_rating_log` VALUES ('5', '267', '-381.91');
INSERT INTO `player_rating_log` VALUES ('5', '268', '-394.20');
INSERT INTO `player_rating_log` VALUES ('5', '269', '-376.83');
INSERT INTO `player_rating_log` VALUES ('5', '270', '-351.42');
INSERT INTO `player_rating_log` VALUES ('5', '271', '-339.48');
INSERT INTO `player_rating_log` VALUES ('5', '272', '-322.68');
INSERT INTO `player_rating_log` VALUES ('5', '273', '-344.48');
INSERT INTO `player_rating_log` VALUES ('5', '274', '-360.18');
INSERT INTO `player_rating_log` VALUES ('5', '275', '-374.97');
INSERT INTO `player_rating_log` VALUES ('5', '276', '-387.12');
INSERT INTO `player_rating_log` VALUES ('5', '279', '-371.70');
INSERT INTO `player_rating_log` VALUES ('5', '280', '-353.84');
INSERT INTO `player_rating_log` VALUES ('5', '281', '-328.80');
INSERT INTO `player_rating_log` VALUES ('5', '282', '-348.98');
INSERT INTO `player_rating_log` VALUES ('5', '283', '-332.28');
INSERT INTO `player_rating_log` VALUES ('5', '284', '-319.68');
INSERT INTO `player_rating_log` VALUES ('5', '285', '-307.31');
INSERT INTO `player_rating_log` VALUES ('5', '286', '-289.49');
INSERT INTO `player_rating_log` VALUES ('5', '287', '-276.41');
INSERT INTO `player_rating_log` VALUES ('5', '288', '-260.21');
INSERT INTO `player_rating_log` VALUES ('5', '291', '-239.87');
INSERT INTO `player_rating_log` VALUES ('5', '292', '-257.51');
INSERT INTO `player_rating_log` VALUES ('5', '293', '-275.30');
INSERT INTO `player_rating_log` VALUES ('5', '294', '-290.30');
INSERT INTO `player_rating_log` VALUES ('5', '295', '-306.00');
INSERT INTO `player_rating_log` VALUES ('5', '296', '-321.18');
INSERT INTO `player_rating_log` VALUES ('5', '297', '-333.71');
INSERT INTO `player_rating_log` VALUES ('5', '298', '-348.41');
INSERT INTO `player_rating_log` VALUES ('5', '299', '-366.85');
INSERT INTO `player_rating_log` VALUES ('5', '300', '-390.91');
INSERT INTO `player_rating_log` VALUES ('5', '303', '-378.57');
INSERT INTO `player_rating_log` VALUES ('5', '304', '-400.12');
INSERT INTO `player_rating_log` VALUES ('5', '305', '-379.83');
INSERT INTO `player_rating_log` VALUES ('5', '306', '-397.35');
INSERT INTO `player_rating_log` VALUES ('5', '313', '-411.69');
INSERT INTO `player_rating_log` VALUES ('5', '314', '-384.52');
INSERT INTO `player_rating_log` VALUES ('5', '317', '-394.53');
INSERT INTO `player_rating_log` VALUES ('5', '318', '-408.06');
INSERT INTO `player_rating_log` VALUES ('5', '319', '-393.23');
INSERT INTO `player_rating_log` VALUES ('5', '320', '-379.20');
INSERT INTO `player_rating_log` VALUES ('5', '321', '-392.76');
INSERT INTO `player_rating_log` VALUES ('5', '322', '-409.86');
INSERT INTO `player_rating_log` VALUES ('5', '323', '-391.56');
INSERT INTO `player_rating_log` VALUES ('5', '324', '-373.49');
INSERT INTO `player_rating_log` VALUES ('5', '325', '-389.54');
INSERT INTO `player_rating_log` VALUES ('5', '326', '-403.01');
INSERT INTO `player_rating_log` VALUES ('5', '327', '-373.22');
INSERT INTO `player_rating_log` VALUES ('5', '328', '-383.67');
INSERT INTO `player_rating_log` VALUES ('5', '329', '-373.58');
INSERT INTO `player_rating_log` VALUES ('5', '330', '-390.87');
INSERT INTO `player_rating_log` VALUES ('5', '331', '-407.67');
INSERT INTO `player_rating_log` VALUES ('5', '332', '-390.54');
INSERT INTO `player_rating_log` VALUES ('5', '333', '-413.75');
INSERT INTO `player_rating_log` VALUES ('5', '334', '-434.33');
INSERT INTO `player_rating_log` VALUES ('5', '335', '-455.65');
INSERT INTO `player_rating_log` VALUES ('5', '336', '-430.41');
INSERT INTO `player_rating_log` VALUES ('5', '337', '-404.51');
INSERT INTO `player_rating_log` VALUES ('5', '348', '-392.41');
INSERT INTO `player_rating_log` VALUES ('5', '349', '-417.19');
INSERT INTO `player_rating_log` VALUES ('5', '350', '-394.27');
INSERT INTO `player_rating_log` VALUES ('5', '351', '-408.89');
INSERT INTO `player_rating_log` VALUES ('5', '352', '-379.10');
INSERT INTO `player_rating_log` VALUES ('5', '353', '-388.16');
INSERT INTO `player_rating_log` VALUES ('5', '354', '-377.96');
INSERT INTO `player_rating_log` VALUES ('5', '355', '-363.91');
INSERT INTO `player_rating_log` VALUES ('5', '372', '-380.92');
INSERT INTO `player_rating_log` VALUES ('5', '373', '-394.96');
INSERT INTO `player_rating_log` VALUES ('5', '374', '-412.39');
INSERT INTO `player_rating_log` VALUES ('5', '375', '-428.78');
INSERT INTO `player_rating_log` VALUES ('6', '5', '20.00');
INSERT INTO `player_rating_log` VALUES ('6', '6', '40.00');
INSERT INTO `player_rating_log` VALUES ('6', '7', '20.00');
INSERT INTO `player_rating_log` VALUES ('6', '8', '40.00');
INSERT INTO `player_rating_log` VALUES ('6', '70', '58.92');
INSERT INTO `player_rating_log` VALUES ('6', '78', '37.70');
INSERT INTO `player_rating_log` VALUES ('6', '81', '13.24');
INSERT INTO `player_rating_log` VALUES ('6', '82', '33.05');
INSERT INTO `player_rating_log` VALUES ('6', '86', '12.02');
INSERT INTO `player_rating_log` VALUES ('6', '87', '-11.16');
INSERT INTO `player_rating_log` VALUES ('6', '88', '-32.95');
INSERT INTO `player_rating_log` VALUES ('6', '89', '-52.38');
INSERT INTO `player_rating_log` VALUES ('6', '92', '-72.92');
INSERT INTO `player_rating_log` VALUES ('6', '93', '-91.24');
INSERT INTO `player_rating_log` VALUES ('6', '287', '-104.32');
INSERT INTO `player_rating_log` VALUES ('6', '288', '-120.52');
INSERT INTO `player_rating_log` VALUES ('6', '289', '-141.95');
INSERT INTO `player_rating_log` VALUES ('6', '290', '-161.46');
INSERT INTO `player_rating_log` VALUES ('6', '293', '-179.25');
INSERT INTO `player_rating_log` VALUES ('6', '294', '-194.25');
INSERT INTO `player_rating_log` VALUES ('6', '295', '-178.55');
INSERT INTO `player_rating_log` VALUES ('6', '296', '-163.37');
INSERT INTO `player_rating_log` VALUES ('6', '299', '-144.93');
INSERT INTO `player_rating_log` VALUES ('6', '300', '-120.87');
INSERT INTO `player_rating_log` VALUES ('6', '301', '-108.46');
INSERT INTO `player_rating_log` VALUES ('6', '302', '-133.05');
INSERT INTO `player_rating_log` VALUES ('6', '305', '-153.34');
INSERT INTO `player_rating_log` VALUES ('6', '306', '-135.82');
INSERT INTO `player_rating_log` VALUES ('6', '309', '-155.49');
INSERT INTO `player_rating_log` VALUES ('6', '310', '-174.46');
INSERT INTO `player_rating_log` VALUES ('6', '311', '-196.59');
INSERT INTO `player_rating_log` VALUES ('6', '312', '-185.29');
INSERT INTO `player_rating_log` VALUES ('6', '315', '-165.97');
INSERT INTO `player_rating_log` VALUES ('6', '316', '-150.72');
INSERT INTO `player_rating_log` VALUES ('6', '319', '-165.55');
INSERT INTO `player_rating_log` VALUES ('6', '320', '-179.58');
INSERT INTO `player_rating_log` VALUES ('6', '321', '-193.14');
INSERT INTO `player_rating_log` VALUES ('6', '322', '-210.24');
INSERT INTO `player_rating_log` VALUES ('6', '323', '-191.94');
INSERT INTO `player_rating_log` VALUES ('6', '324', '-173.87');
INSERT INTO `player_rating_log` VALUES ('6', '325', '-189.92');
INSERT INTO `player_rating_log` VALUES ('6', '326', '-203.39');
INSERT INTO `player_rating_log` VALUES ('6', '329', '-213.48');
INSERT INTO `player_rating_log` VALUES ('6', '330', '-196.19');
INSERT INTO `player_rating_log` VALUES ('6', '331', '-179.39');
INSERT INTO `player_rating_log` VALUES ('6', '332', '-162.26');
INSERT INTO `player_rating_log` VALUES ('6', '333', '-185.47');
INSERT INTO `player_rating_log` VALUES ('6', '334', '-164.89');
INSERT INTO `player_rating_log` VALUES ('6', '335', '-143.57');
INSERT INTO `player_rating_log` VALUES ('6', '336', '-168.81');
INSERT INTO `player_rating_log` VALUES ('6', '337', '-194.71');
INSERT INTO `player_rating_log` VALUES ('6', '338', '-182.54');
INSERT INTO `player_rating_log` VALUES ('6', '339', '-168.92');
INSERT INTO `player_rating_log` VALUES ('6', '340', '-189.08');
INSERT INTO `player_rating_log` VALUES ('6', '341', '-175.39');
INSERT INTO `player_rating_log` VALUES ('6', '342', '-195.68');
INSERT INTO `player_rating_log` VALUES ('6', '343', '-221.27');
INSERT INTO `player_rating_log` VALUES ('6', '344', '-192.86');
INSERT INTO `player_rating_log` VALUES ('6', '345', '-206.02');
INSERT INTO `player_rating_log` VALUES ('6', '346', '-217.95');
INSERT INTO `player_rating_log` VALUES ('6', '347', '-232.33');
INSERT INTO `player_rating_log` VALUES ('6', '348', '-244.43');
INSERT INTO `player_rating_log` VALUES ('6', '349', '-219.65');
INSERT INTO `player_rating_log` VALUES ('6', '350', '-242.57');
INSERT INTO `player_rating_log` VALUES ('6', '351', '-227.95');
INSERT INTO `player_rating_log` VALUES ('6', '354', '-238.15');
INSERT INTO `player_rating_log` VALUES ('6', '355', '-252.20');
INSERT INTO `player_rating_log` VALUES ('6', '356', '-262.30');
INSERT INTO `player_rating_log` VALUES ('6', '357', '-235.18');
INSERT INTO `player_rating_log` VALUES ('6', '358', '-216.92');
INSERT INTO `player_rating_log` VALUES ('6', '359', '-199.58');
INSERT INTO `player_rating_log` VALUES ('6', '360', '-171.01');
INSERT INTO `player_rating_log` VALUES ('6', '361', '-152.86');
INSERT INTO `player_rating_log` VALUES ('6', '362', '-125.54');
INSERT INTO `player_rating_log` VALUES ('6', '363', '-101.65');
INSERT INTO `player_rating_log` VALUES ('6', '364', '-80.84');
INSERT INTO `player_rating_log` VALUES ('6', '365', '-99.51');
INSERT INTO `player_rating_log` VALUES ('6', '366', '-72.68');
INSERT INTO `player_rating_log` VALUES ('6', '367', '-37.28');
INSERT INTO `player_rating_log` VALUES ('6', '368', '-23.43');
INSERT INTO `player_rating_log` VALUES ('6', '369', '-7.06');
INSERT INTO `player_rating_log` VALUES ('6', '370', '16.47');
INSERT INTO `player_rating_log` VALUES ('6', '371', '40.54');
INSERT INTO `player_rating_log` VALUES ('6', '374', '57.97');
INSERT INTO `player_rating_log` VALUES ('6', '375', '74.36');
INSERT INTO `player_rating_log` VALUES ('6', '378', '90.23');
INSERT INTO `player_rating_log` VALUES ('6', '379', '113.80');
INSERT INTO `player_rating_log` VALUES ('7', '5', '-20.00');
INSERT INTO `player_rating_log` VALUES ('7', '6', '-40.00');
INSERT INTO `player_rating_log` VALUES ('7', '7', '-20.00');
INSERT INTO `player_rating_log` VALUES ('7', '8', '-40.00');
INSERT INTO `player_rating_log` VALUES ('7', '9', '-61.15');
INSERT INTO `player_rating_log` VALUES ('7', '10', '-80.00');
INSERT INTO `player_rating_log` VALUES ('7', '11', '-100.00');
INSERT INTO `player_rating_log` VALUES ('7', '12', '-120.00');
INSERT INTO `player_rating_log` VALUES ('7', '23', '-138.72');
INSERT INTO `player_rating_log` VALUES ('7', '24', '-115.55');
INSERT INTO `player_rating_log` VALUES ('7', '25', '-97.65');
INSERT INTO `player_rating_log` VALUES ('7', '26', '-117.59');
INSERT INTO `player_rating_log` VALUES ('7', '31', '-93.21');
INSERT INTO `player_rating_log` VALUES ('7', '32', '-71.64');
INSERT INTO `player_rating_log` VALUES ('7', '33', '-92.98');
INSERT INTO `player_rating_log` VALUES ('7', '34', '-115.33');
INSERT INTO `player_rating_log` VALUES ('7', '35', '-93.04');
INSERT INTO `player_rating_log` VALUES ('7', '36', '-73.04');
INSERT INTO `player_rating_log` VALUES ('7', '39', '-93.01');
INSERT INTO `player_rating_log` VALUES ('7', '40', '-110.59');
INSERT INTO `player_rating_log` VALUES ('7', '64', '-130.56');
INSERT INTO `player_rating_log` VALUES ('7', '65', '-110.09');
INSERT INTO `player_rating_log` VALUES ('7', '66', '-131.38');
INSERT INTO `player_rating_log` VALUES ('7', '67', '-110.48');
INSERT INTO `player_rating_log` VALUES ('7', '68', '-90.48');
INSERT INTO `player_rating_log` VALUES ('7', '69', '-70.48');
INSERT INTO `player_rating_log` VALUES ('7', '70', '-51.56');
INSERT INTO `player_rating_log` VALUES ('7', '78', '-72.78');
INSERT INTO `player_rating_log` VALUES ('7', '81', '-48.32');
INSERT INTO `player_rating_log` VALUES ('7', '82', '-68.13');
INSERT INTO `player_rating_log` VALUES ('7', '84', '-90.34');
INSERT INTO `player_rating_log` VALUES ('7', '85', '-70.66');
INSERT INTO `player_rating_log` VALUES ('7', '152', '-89.52');
INSERT INTO `player_rating_log` VALUES ('7', '153', '-102.66');
INSERT INTO `player_rating_log` VALUES ('7', '154', '-122.89');
INSERT INTO `player_rating_log` VALUES ('7', '155', '-102.94');
INSERT INTO `player_rating_log` VALUES ('7', '156', '-123.23');
INSERT INTO `player_rating_log` VALUES ('7', '157', '-143.98');
INSERT INTO `player_rating_log` VALUES ('7', '220', '-155.28');
INSERT INTO `player_rating_log` VALUES ('7', '221', '-162.92');
INSERT INTO `player_rating_log` VALUES ('7', '222', '-176.56');
INSERT INTO `player_rating_log` VALUES ('7', '223', '-155.74');
INSERT INTO `player_rating_log` VALUES ('7', '224', '-165.86');
INSERT INTO `player_rating_log` VALUES ('7', '225', '-178.32');
INSERT INTO `player_rating_log` VALUES ('7', '226', '-148.59');
INSERT INTO `player_rating_log` VALUES ('7', '227', '-155.70');
INSERT INTO `player_rating_log` VALUES ('7', '228', '-129.71');
INSERT INTO `player_rating_log` VALUES ('7', '229', '-149.31');
INSERT INTO `player_rating_log` VALUES ('7', '255', '-160.72');
INSERT INTO `player_rating_log` VALUES ('7', '256', '-174.06');
INSERT INTO `player_rating_log` VALUES ('7', '257', '-194.35');
INSERT INTO `player_rating_log` VALUES ('7', '258', '-171.44');
INSERT INTO `player_rating_log` VALUES ('7', '259', '-186.88');
INSERT INTO `player_rating_log` VALUES ('7', '260', '-208.47');
INSERT INTO `player_rating_log` VALUES ('7', '261', '-191.91');
INSERT INTO `player_rating_log` VALUES ('7', '262', '-217.02');
INSERT INTO `player_rating_log` VALUES ('7', '271', '-228.96');
INSERT INTO `player_rating_log` VALUES ('7', '272', '-245.76');
INSERT INTO `player_rating_log` VALUES ('7', '273', '-223.96');
INSERT INTO `player_rating_log` VALUES ('7', '274', '-208.26');
INSERT INTO `player_rating_log` VALUES ('7', '275', '-223.05');
INSERT INTO `player_rating_log` VALUES ('7', '276', '-235.20');
INSERT INTO `player_rating_log` VALUES ('7', '277', '-204.28');
INSERT INTO `player_rating_log` VALUES ('7', '278', '-175.29');
INSERT INTO `player_rating_log` VALUES ('7', '279', '-190.71');
INSERT INTO `player_rating_log` VALUES ('7', '280', '-208.57');
INSERT INTO `player_rating_log` VALUES ('7', '281', '-233.61');
INSERT INTO `player_rating_log` VALUES ('7', '282', '-213.43');
INSERT INTO `player_rating_log` VALUES ('7', '285', '-225.80');
INSERT INTO `player_rating_log` VALUES ('7', '286', '-243.62');
INSERT INTO `player_rating_log` VALUES ('7', '289', '-222.19');
INSERT INTO `player_rating_log` VALUES ('7', '290', '-202.68');
INSERT INTO `player_rating_log` VALUES ('7', '291', '-223.02');
INSERT INTO `player_rating_log` VALUES ('7', '292', '-205.38');
INSERT INTO `player_rating_log` VALUES ('7', '293', '-187.59');
INSERT INTO `player_rating_log` VALUES ('7', '294', '-172.59');
INSERT INTO `player_rating_log` VALUES ('7', '297', '-185.12');
INSERT INTO `player_rating_log` VALUES ('7', '298', '-199.82');
INSERT INTO `player_rating_log` VALUES ('7', '301', '-212.23');
INSERT INTO `player_rating_log` VALUES ('7', '302', '-187.64');
INSERT INTO `player_rating_log` VALUES ('7', '303', '-199.98');
INSERT INTO `player_rating_log` VALUES ('7', '304', '-178.43');
INSERT INTO `player_rating_log` VALUES ('7', '305', '-158.14');
INSERT INTO `player_rating_log` VALUES ('7', '306', '-175.66');
INSERT INTO `player_rating_log` VALUES ('7', '307', '-187.36');
INSERT INTO `player_rating_log` VALUES ('7', '308', '-200.49');
INSERT INTO `player_rating_log` VALUES ('7', '313', '-186.15');
INSERT INTO `player_rating_log` VALUES ('7', '314', '-213.32');
INSERT INTO `player_rating_log` VALUES ('7', '317', '-223.33');
INSERT INTO `player_rating_log` VALUES ('7', '318', '-236.86');
INSERT INTO `player_rating_log` VALUES ('7', '325', '-220.81');
INSERT INTO `player_rating_log` VALUES ('7', '326', '-207.34');
INSERT INTO `player_rating_log` VALUES ('7', '327', '-237.13');
INSERT INTO `player_rating_log` VALUES ('7', '328', '-226.68');
INSERT INTO `player_rating_log` VALUES ('7', '330', '-243.97');
INSERT INTO `player_rating_log` VALUES ('7', '331', '-260.77');
INSERT INTO `player_rating_log` VALUES ('7', '342', '-240.48');
INSERT INTO `player_rating_log` VALUES ('7', '343', '-214.89');
INSERT INTO `player_rating_log` VALUES ('7', '344', '-186.48');
INSERT INTO `player_rating_log` VALUES ('7', '345', '-199.64');
INSERT INTO `player_rating_log` VALUES ('7', '346', '-211.57');
INSERT INTO `player_rating_log` VALUES ('7', '347', '-225.95');
INSERT INTO `player_rating_log` VALUES ('7', '348', '-238.05');
INSERT INTO `player_rating_log` VALUES ('7', '349', '-213.27');
INSERT INTO `player_rating_log` VALUES ('7', '350', '-236.19');
INSERT INTO `player_rating_log` VALUES ('7', '351', '-221.57');
INSERT INTO `player_rating_log` VALUES ('7', '352', '-191.78');
INSERT INTO `player_rating_log` VALUES ('7', '353', '-200.84');
INSERT INTO `player_rating_log` VALUES ('7', '358', '-219.10');
INSERT INTO `player_rating_log` VALUES ('7', '359', '-236.44');
INSERT INTO `player_rating_log` VALUES ('7', '360', '-265.01');
INSERT INTO `player_rating_log` VALUES ('7', '361', '-283.16');
INSERT INTO `player_rating_log` VALUES ('7', '374', '-265.73');
INSERT INTO `player_rating_log` VALUES ('7', '375', '-249.34');
INSERT INTO `player_rating_log` VALUES ('7', '376', '-225.57');
INSERT INTO `player_rating_log` VALUES ('7', '377', '-247.15');
INSERT INTO `player_rating_log` VALUES ('9', '50', '-19.87');
INSERT INTO `player_rating_log` VALUES ('9', '51', '-39.87');
INSERT INTO `player_rating_log` VALUES ('9', '52', '-56.57');
INSERT INTO `player_rating_log` VALUES ('9', '53', '-74.34');
INSERT INTO `player_rating_log` VALUES ('9', '54', '-95.25');
INSERT INTO `player_rating_log` VALUES ('9', '55', '-73.37');
INSERT INTO `player_rating_log` VALUES ('9', '64', '-93.34');
INSERT INTO `player_rating_log` VALUES ('9', '65', '-72.87');
INSERT INTO `player_rating_log` VALUES ('9', '66', '-51.58');
INSERT INTO `player_rating_log` VALUES ('9', '67', '-72.48');
INSERT INTO `player_rating_log` VALUES ('9', '68', '-92.48');
INSERT INTO `player_rating_log` VALUES ('9', '69', '-112.48');
INSERT INTO `player_rating_log` VALUES ('9', '90', '-135.49');
INSERT INTO `player_rating_log` VALUES ('9', '91', '-114.16');
INSERT INTO `player_rating_log` VALUES ('9', '94', '-130.81');
INSERT INTO `player_rating_log` VALUES ('9', '95', '-145.50');
INSERT INTO `player_rating_log` VALUES ('9', '96', '-122.80');
INSERT INTO `player_rating_log` VALUES ('9', '97', '-144.01');
INSERT INTO `player_rating_log` VALUES ('9', '98', '-161.68');
INSERT INTO `player_rating_log` VALUES ('9', '99', '-183.69');
INSERT INTO `player_rating_log` VALUES ('9', '100', '-158.51');
INSERT INTO `player_rating_log` VALUES ('9', '101', '-171.67');
INSERT INTO `player_rating_log` VALUES ('9', '102', '-191.57');
INSERT INTO `player_rating_log` VALUES ('9', '103', '-210.34');
INSERT INTO `player_rating_log` VALUES ('9', '104', '-229.83');
INSERT INTO `player_rating_log` VALUES ('9', '105', '-245.53');
INSERT INTO `player_rating_log` VALUES ('9', '106', '-259.26');
INSERT INTO `player_rating_log` VALUES ('9', '107', '-274.78');
INSERT INTO `player_rating_log` VALUES ('9', '108', '-292.40');
INSERT INTO `player_rating_log` VALUES ('9', '109', '-309.04');
INSERT INTO `player_rating_log` VALUES ('9', '110', '-324.41');
INSERT INTO `player_rating_log` VALUES ('9', '111', '-340.25');
INSERT INTO `player_rating_log` VALUES ('9', '112', '-352.59');
INSERT INTO `player_rating_log` VALUES ('9', '113', '-366.45');
INSERT INTO `player_rating_log` VALUES ('9', '114', '-382.15');
INSERT INTO `player_rating_log` VALUES ('9', '115', '-396.91');
INSERT INTO `player_rating_log` VALUES ('9', '116', '-410.64');
INSERT INTO `player_rating_log` VALUES ('9', '117', '-424.77');
INSERT INTO `player_rating_log` VALUES ('9', '118', '-397.22');
INSERT INTO `player_rating_log` VALUES ('9', '119', '-408.38');
INSERT INTO `player_rating_log` VALUES ('9', '120', '-381.59');
INSERT INTO `player_rating_log` VALUES ('9', '121', '-355.61');
INSERT INTO `player_rating_log` VALUES ('9', '122', '-366.70');
INSERT INTO `player_rating_log` VALUES ('9', '123', '-340.73');
INSERT INTO `player_rating_log` VALUES ('9', '124', '-354.83');
INSERT INTO `player_rating_log` VALUES ('9', '125', '-370.76');
INSERT INTO `player_rating_log` VALUES ('9', '126', '-386.33');
INSERT INTO `player_rating_log` VALUES ('9', '127', '-398.66');
INSERT INTO `player_rating_log` VALUES ('9', '128', '-413.17');
INSERT INTO `player_rating_log` VALUES ('9', '129', '-426.53');
INSERT INTO `player_rating_log` VALUES ('9', '130', '-442.60');
INSERT INTO `player_rating_log` VALUES ('9', '131', '-459.44');
INSERT INTO `player_rating_log` VALUES ('9', '134', '-476.90');
INSERT INTO `player_rating_log` VALUES ('9', '135', '-488.71');
INSERT INTO `player_rating_log` VALUES ('9', '158', '-463.86');
INSERT INTO `player_rating_log` VALUES ('9', '159', '-444.66');
INSERT INTO `player_rating_log` VALUES ('9', '166', '-423.32');
INSERT INTO `player_rating_log` VALUES ('9', '167', '-401.49');
INSERT INTO `player_rating_log` VALUES ('9', '168', '-422.61');
INSERT INTO `player_rating_log` VALUES ('9', '169', '-443.29');
INSERT INTO `player_rating_log` VALUES ('9', '170', '-460.83');
INSERT INTO `player_rating_log` VALUES ('9', '171', '-475.68');
INSERT INTO `player_rating_log` VALUES ('9', '172', '-492.87');
INSERT INTO `player_rating_log` VALUES ('9', '173', '-508.28');
INSERT INTO `player_rating_log` VALUES ('9', '174', '-526.61');
INSERT INTO `player_rating_log` VALUES ('9', '175', '-549.59');
INSERT INTO `player_rating_log` VALUES ('9', '208', '-562.69');
INSERT INTO `player_rating_log` VALUES ('9', '209', '-578.64');
INSERT INTO `player_rating_log` VALUES ('9', '210', '-554.11');
INSERT INTO `player_rating_log` VALUES ('9', '211', '-574.59');
INSERT INTO `player_rating_log` VALUES ('9', '212', '-587.97');
INSERT INTO `player_rating_log` VALUES ('9', '213', '-601.11');
INSERT INTO `player_rating_log` VALUES ('9', '214', '-616.62');
INSERT INTO `player_rating_log` VALUES ('9', '215', '-585.73');
INSERT INTO `player_rating_log` VALUES ('9', '216', '-597.25');
INSERT INTO `player_rating_log` VALUES ('9', '217', '-608.92');
INSERT INTO `player_rating_log` VALUES ('9', '218', '-622.77');
INSERT INTO `player_rating_log` VALUES ('9', '219', '-634.62');
INSERT INTO `player_rating_log` VALUES ('9', '249', '-647.95');
INSERT INTO `player_rating_log` VALUES ('9', '250', '-670.35');
INSERT INTO `player_rating_log` VALUES ('9', '251', '-684.45');
INSERT INTO `player_rating_log` VALUES ('9', '252', '-705.90');
INSERT INTO `player_rating_log` VALUES ('9', '261', '-722.46');
INSERT INTO `player_rating_log` VALUES ('9', '262', '-697.35');
INSERT INTO `player_rating_log` VALUES ('9', '263', '-717.17');
INSERT INTO `player_rating_log` VALUES ('9', '264', '-698.63');
INSERT INTO `player_rating_log` VALUES ('9', '265', '-712.04');
INSERT INTO `player_rating_log` VALUES ('9', '266', '-730.19');
INSERT INTO `player_rating_log` VALUES ('9', '267', '-742.79');
INSERT INTO `player_rating_log` VALUES ('9', '268', '-755.08');
INSERT INTO `player_rating_log` VALUES ('9', '283', '-771.78');
INSERT INTO `player_rating_log` VALUES ('9', '284', '-784.38');
INSERT INTO `player_rating_log` VALUES ('9', '311', '-762.25');
INSERT INTO `player_rating_log` VALUES ('9', '312', '-773.55');
INSERT INTO `player_rating_log` VALUES ('9', '313', '-759.21');
INSERT INTO `player_rating_log` VALUES ('9', '314', '-786.38');
INSERT INTO `player_rating_log` VALUES ('9', '315', '-805.70');
INSERT INTO `player_rating_log` VALUES ('9', '316', '-820.95');
INSERT INTO `player_rating_log` VALUES ('9', '323', '-839.25');
INSERT INTO `player_rating_log` VALUES ('9', '324', '-857.32');
INSERT INTO `player_rating_log` VALUES ('9', '332', '-874.45');
INSERT INTO `player_rating_log` VALUES ('9', '333', '-851.24');
INSERT INTO `player_rating_log` VALUES ('9', '334', '-871.82');
INSERT INTO `player_rating_log` VALUES ('9', '335', '-893.14');
INSERT INTO `player_rating_log` VALUES ('9', '336', '-918.38');
INSERT INTO `player_rating_log` VALUES ('9', '337', '-944.28');
INSERT INTO `player_rating_log` VALUES ('9', '338', '-956.45');
INSERT INTO `player_rating_log` VALUES ('9', '339', '-970.07');
INSERT INTO `player_rating_log` VALUES ('9', '340', '-949.91');
INSERT INTO `player_rating_log` VALUES ('9', '341', '-963.60');
INSERT INTO `player_rating_log` VALUES ('9', '342', '-983.89');
INSERT INTO `player_rating_log` VALUES ('9', '343', '-1009.48');
INSERT INTO `player_rating_log` VALUES ('9', '368', '-1023.33');
INSERT INTO `player_rating_log` VALUES ('9', '369', '-1039.70');

-- ----------------------------
-- Table structure for players
-- ----------------------------
DROP TABLE IF EXISTS `players`;
CREATE TABLE `players` (
  `id` tinyint(3) unsigned NOT NULL AUTO_INCREMENT,
  `name` varchar(20) NOT NULL,
  `rating` float(6,2) NOT NULL DEFAULT '0.00',
  `hash` varchar(32) NOT NULL DEFAULT '00000000000000000000000000000000',
  PRIMARY KEY (`id`)
) ENGINE=InnoDB AUTO_INCREMENT=10 DEFAULT CHARSET=latin1;

-- ----------------------------
-- Records of players
-- ----------------------------
INSERT INTO `players` VALUES ('1', 'Alex', '261.85', '9453df4d1bff2c70d8c5838ff466269f');
INSERT INTO `players` VALUES ('2', 'Mike', '1038.38', '6d6bb0bd8c443d85b70de02755d2fc4b');
INSERT INTO `players` VALUES ('3', 'Yury', '423.58', '6929e46457e33b0d41bdeca417ecfc47');
INSERT INTO `players` VALUES ('4', 'Alexander', '-219.94', '8f3b8b06aa71768716b652c8874a67dc');
INSERT INTO `players` VALUES ('5', 'Sergey', '-428.78', '1fe97c024e61d117230a86cd3062f1c3');
INSERT INTO `players` VALUES ('6', 'Artem', '113.80', 'e48838b34e38a40e3048ae54e8c1b642');
INSERT INTO `players` VALUES ('7', 'Nik', '-247.15', '90d20b23667af20aa315788af2f58a97');
INSERT INTO `players` VALUES ('8', 'Igor', '0.00', 'a30959289655a2cfc6757ea1a985c567');
INSERT INTO `players` VALUES ('9', 'Ivan', '-1039.70', '82f38c238f9bd6ccd58ae385cfce13f1');

-- ----------------------------
-- Table structure for squad_rating_log
-- ----------------------------
DROP TABLE IF EXISTS `squad_rating_log`;
CREATE TABLE `squad_rating_log` (
  `squad_id` varchar(5) NOT NULL,
  `match_id` int(3) unsigned NOT NULL,
  `rating` float(6,2) NOT NULL,
  KEY `squad_rating_match` (`match_id`),
  KEY `squad_rating_squad` (`squad_id`),
  CONSTRAINT `squad_rating_match` FOREIGN KEY (`match_id`) REFERENCES `matches` (`id`) ON DELETE CASCADE ON UPDATE CASCADE,
  CONSTRAINT `squad_rating_squad` FOREIGN KEY (`squad_id`) REFERENCES `squads` (`id`) ON DELETE CASCADE ON UPDATE CASCADE
) ENGINE=InnoDB DEFAULT CHARSET=latin1;

-- ----------------------------
-- Records of squad_rating_log
-- ----------------------------
INSERT INTO `squad_rating_log` VALUES ('1_4', '3', '-20.00');
INSERT INTO `squad_rating_log` VALUES ('2_5', '3', '20.00');
INSERT INTO `squad_rating_log` VALUES ('1_4', '4', '2.29');
INSERT INTO `squad_rating_log` VALUES ('2_5', '4', '-2.29');
INSERT INTO `squad_rating_log` VALUES ('1_6', '5', '20.00');
INSERT INTO `squad_rating_log` VALUES ('3_7', '5', '-20.00');
INSERT INTO `squad_rating_log` VALUES ('1_6', '6', '37.71');
INSERT INTO `squad_rating_log` VALUES ('3_7', '6', '-37.71');
INSERT INTO `squad_rating_log` VALUES ('2_6', '7', '-20.00');
INSERT INTO `squad_rating_log` VALUES ('4_7', '7', '20.00');
INSERT INTO `squad_rating_log` VALUES ('2_6', '8', '2.29');
INSERT INTO `squad_rating_log` VALUES ('4_7', '8', '-2.29');
INSERT INTO `squad_rating_log` VALUES ('1_2', '9', '19.87');
INSERT INTO `squad_rating_log` VALUES ('4_7', '9', '-22.16');
INSERT INTO `squad_rating_log` VALUES ('1_2', '10', '37.46');
INSERT INTO `squad_rating_log` VALUES ('4_7', '10', '-39.75');
INSERT INTO `squad_rating_log` VALUES ('1_7', '11', '-20.00');
INSERT INTO `squad_rating_log` VALUES ('3_4', '11', '20.00');
INSERT INTO `squad_rating_log` VALUES ('1_7', '12', '-37.71');
INSERT INTO `squad_rating_log` VALUES ('3_4', '12', '37.71');
INSERT INTO `squad_rating_log` VALUES ('1_3', '13', '-20.00');
INSERT INTO `squad_rating_log` VALUES ('4_5', '13', '20.00');
INSERT INTO `squad_rating_log` VALUES ('1_3', '14', '2.29');
INSERT INTO `squad_rating_log` VALUES ('4_5', '14', '-2.29');
INSERT INTO `squad_rating_log` VALUES ('3_4', '15', '55.55');
INSERT INTO `squad_rating_log` VALUES ('1_5', '15', '-17.84');
INSERT INTO `squad_rating_log` VALUES ('3_4', '16', '71.39');
INSERT INTO `squad_rating_log` VALUES ('1_5', '16', '-33.68');
INSERT INTO `squad_rating_log` VALUES ('3_5', '17', '-19.87');
INSERT INTO `squad_rating_log` VALUES ('1_4', '17', '22.16');
INSERT INTO `squad_rating_log` VALUES ('3_5', '18', '-37.46');
INSERT INTO `squad_rating_log` VALUES ('1_4', '18', '39.75');
INSERT INTO `squad_rating_log` VALUES ('2_5', '19', '-19.88');
INSERT INTO `squad_rating_log` VALUES ('1_4', '19', '57.34');
INSERT INTO `squad_rating_log` VALUES ('2_5', '20', '-35.51');
INSERT INTO `squad_rating_log` VALUES ('1_4', '20', '72.97');
INSERT INTO `squad_rating_log` VALUES ('1_5', '21', '-51.75');
INSERT INTO `squad_rating_log` VALUES ('2_4', '21', '18.07');
INSERT INTO `squad_rating_log` VALUES ('1_5', '22', '-67.78');
INSERT INTO `squad_rating_log` VALUES ('2_4', '22', '34.10');
INSERT INTO `squad_rating_log` VALUES ('5_7', '23', '-15.86');
INSERT INTO `squad_rating_log` VALUES ('1_4', '23', '88.83');
INSERT INTO `squad_rating_log` VALUES ('5_7', '24', '9.99');
INSERT INTO `squad_rating_log` VALUES ('1_4', '24', '62.98');
INSERT INTO `squad_rating_log` VALUES ('1_5', '25', '-86.17');
INSERT INTO `squad_rating_log` VALUES ('4_7', '25', '-21.36');
INSERT INTO `squad_rating_log` VALUES ('1_5', '26', '-62.48');
INSERT INTO `squad_rating_log` VALUES ('4_7', '26', '-45.05');
INSERT INTO `squad_rating_log` VALUES ('2_3', '29', '-16.41');
INSERT INTO `squad_rating_log` VALUES ('1_4', '29', '79.39');
INSERT INTO `squad_rating_log` VALUES ('2_3', '30', '-31.03');
INSERT INTO `squad_rating_log` VALUES ('1_4', '30', '94.01');
INSERT INTO `squad_rating_log` VALUES ('5_7', '31', '34.73');
INSERT INTO `squad_rating_log` VALUES ('1_4', '31', '69.27');
INSERT INTO `squad_rating_log` VALUES ('5_7', '32', '56.71');
INSERT INTO `squad_rating_log` VALUES ('1_4', '32', '47.29');
INSERT INTO `squad_rating_log` VALUES ('5_7', '33', '31.76');
INSERT INTO `squad_rating_log` VALUES ('2_3', '33', '-6.08');
INSERT INTO `squad_rating_log` VALUES ('5_7', '34', '9.59');
INSERT INTO `squad_rating_log` VALUES ('2_3', '34', '16.09');
INSERT INTO `squad_rating_log` VALUES ('1_7', '35', '-15.68');
INSERT INTO `squad_rating_log` VALUES ('4_5', '35', '-24.32');
INSERT INTO `squad_rating_log` VALUES ('1_7', '36', '3.82');
INSERT INTO `squad_rating_log` VALUES ('4_5', '36', '-43.82');
INSERT INTO `squad_rating_log` VALUES ('2_3', '37', '32.68');
INSERT INTO `squad_rating_log` VALUES ('4_5', '37', '-60.41');
INSERT INTO `squad_rating_log` VALUES ('2_3', '38', '47.45');
INSERT INTO `squad_rating_log` VALUES ('4_5', '38', '-75.18');
INSERT INTO `squad_rating_log` VALUES ('2_3', '39', '64.95');
INSERT INTO `squad_rating_log` VALUES ('1_7', '39', '-13.68');
INSERT INTO `squad_rating_log` VALUES ('2_3', '40', '80.50');
INSERT INTO `squad_rating_log` VALUES ('1_7', '40', '-29.23');
INSERT INTO `squad_rating_log` VALUES ('3_4', '41', '89.44');
INSERT INTO `squad_rating_log` VALUES ('1_2', '41', '19.41');
INSERT INTO `squad_rating_log` VALUES ('3_4', '42', '65.46');
INSERT INTO `squad_rating_log` VALUES ('1_2', '42', '43.39');
INSERT INTO `squad_rating_log` VALUES ('3_4', '43', '84.19');
INSERT INTO `squad_rating_log` VALUES ('1_2', '43', '24.66');
INSERT INTO `squad_rating_log` VALUES ('2_4', '44', '12.27');
INSERT INTO `squad_rating_log` VALUES ('1_3', '44', '24.12');
INSERT INTO `squad_rating_log` VALUES ('2_4', '45', '32.95');
INSERT INTO `squad_rating_log` VALUES ('1_3', '45', '3.44');
INSERT INTO `squad_rating_log` VALUES ('2_5', '46', '-10.83');
INSERT INTO `squad_rating_log` VALUES ('1_4', '46', '22.61');
INSERT INTO `squad_rating_log` VALUES ('2_5', '47', '11.09');
INSERT INTO `squad_rating_log` VALUES ('1_4', '47', '0.69');
INSERT INTO `squad_rating_log` VALUES ('2_5', '48', '-9.51');
INSERT INTO `squad_rating_log` VALUES ('1_4', '48', '21.29');
INSERT INTO `squad_rating_log` VALUES ('2_5', '49', '12.26');
INSERT INTO `squad_rating_log` VALUES ('1_4', '49', '-0.48');
INSERT INTO `squad_rating_log` VALUES ('1_3', '50', '23.24');
INSERT INTO `squad_rating_log` VALUES ('4_9', '50', '-19.80');
INSERT INTO `squad_rating_log` VALUES ('1_3', '51', '40.78');
INSERT INTO `squad_rating_log` VALUES ('4_9', '51', '-37.34');
INSERT INTO `squad_rating_log` VALUES ('1_9', '52', '-15.25');
INSERT INTO `squad_rating_log` VALUES ('3_4', '52', '99.44');
INSERT INTO `squad_rating_log` VALUES ('1_9', '53', '-28.88');
INSERT INTO `squad_rating_log` VALUES ('3_4', '53', '113.07');
INSERT INTO `squad_rating_log` VALUES ('1_4', '54', '19.55');
INSERT INTO `squad_rating_log` VALUES ('3_9', '54', '-20.03');
INSERT INTO `squad_rating_log` VALUES ('1_4', '55', '-2.72');
INSERT INTO `squad_rating_log` VALUES ('3_9', '55', '2.24');
INSERT INTO `squad_rating_log` VALUES ('1_2', '56', '49.64');
INSERT INTO `squad_rating_log` VALUES ('3_4', '56', '88.09');
INSERT INTO `squad_rating_log` VALUES ('1_2', '57', '31.84');
INSERT INTO `squad_rating_log` VALUES ('3_4', '57', '105.89');
INSERT INTO `squad_rating_log` VALUES ('2_4', '58', '53.40');
INSERT INTO `squad_rating_log` VALUES ('1_3', '58', '20.33');
INSERT INTO `squad_rating_log` VALUES ('2_4', '59', '71.50');
INSERT INTO `squad_rating_log` VALUES ('1_3', '59', '2.23');
INSERT INTO `squad_rating_log` VALUES ('1_4', '60', '-18.02');
INSERT INTO `squad_rating_log` VALUES ('2_3', '60', '95.80');
INSERT INTO `squad_rating_log` VALUES ('1_4', '61', '-31.69');
INSERT INTO `squad_rating_log` VALUES ('2_3', '61', '109.47');
INSERT INTO `squad_rating_log` VALUES ('2_4', '62', '87.56');
INSERT INTO `squad_rating_log` VALUES ('1_3', '62', '-13.83');
INSERT INTO `squad_rating_log` VALUES ('2_4', '63', '61.88');
INSERT INTO `squad_rating_log` VALUES ('1_3', '63', '11.85');
INSERT INTO `squad_rating_log` VALUES ('7_9', '64', '-19.29');
INSERT INTO `squad_rating_log` VALUES ('2_5', '64', '31.55');
INSERT INTO `squad_rating_log` VALUES ('7_9', '65', '3.62');
INSERT INTO `squad_rating_log` VALUES ('2_5', '65', '8.64');
INSERT INTO `squad_rating_log` VALUES ('5_7', '66', '-10.96');
INSERT INTO `squad_rating_log` VALUES ('2_9', '66', '20.55');
INSERT INTO `squad_rating_log` VALUES ('5_7', '67', '10.85');
INSERT INTO `squad_rating_log` VALUES ('2_9', '67', '-1.26');
INSERT INTO `squad_rating_log` VALUES ('2_7', '68', '20.00');
INSERT INTO `squad_rating_log` VALUES ('5_9', '68', '-20.00');
INSERT INTO `squad_rating_log` VALUES ('2_7', '69', '37.71');
INSERT INTO `squad_rating_log` VALUES ('5_9', '69', '-37.71');
INSERT INTO `squad_rating_log` VALUES ('3_5', '70', '-55.31');
INSERT INTO `squad_rating_log` VALUES ('6_7', '70', '17.85');
INSERT INTO `squad_rating_log` VALUES ('3_5', '78', '-31.16');
INSERT INTO `squad_rating_log` VALUES ('6_7', '78', '-6.30');
INSERT INTO `squad_rating_log` VALUES ('1_4', '79', '-11.66');
INSERT INTO `squad_rating_log` VALUES ('3_5', '79', '-51.19');
INSERT INTO `squad_rating_log` VALUES ('1_4', '80', '-33.93');
INSERT INTO `squad_rating_log` VALUES ('3_5', '80', '-28.92');
INSERT INTO `squad_rating_log` VALUES ('4_7', '81', '-20.37');
INSERT INTO `squad_rating_log` VALUES ('1_6', '81', '13.03');
INSERT INTO `squad_rating_log` VALUES ('4_7', '82', '-38.45');
INSERT INTO `squad_rating_log` VALUES ('1_6', '82', '31.11');
INSERT INTO `squad_rating_log` VALUES ('1_7', '84', '-51.86');
INSERT INTO `squad_rating_log` VALUES ('4_5', '84', '-52.55');
INSERT INTO `squad_rating_log` VALUES ('1_7', '85', '-31.90');
INSERT INTO `squad_rating_log` VALUES ('4_5', '85', '-72.51');
INSERT INTO `squad_rating_log` VALUES ('1_5', '86', '-38.92');
INSERT INTO `squad_rating_log` VALUES ('4_6', '86', '-23.56');
INSERT INTO `squad_rating_log` VALUES ('1_5', '87', '-58.04');
INSERT INTO `squad_rating_log` VALUES ('4_6', '87', '-44.44');
INSERT INTO `squad_rating_log` VALUES ('5_6', '88', '-21.95');
INSERT INTO `squad_rating_log` VALUES ('1_4', '88', '-11.98');
INSERT INTO `squad_rating_log` VALUES ('5_6', '89', '-41.38');
INSERT INTO `squad_rating_log` VALUES ('1_4', '89', '7.45');
INSERT INTO `squad_rating_log` VALUES ('1_5', '90', '-36.85');
INSERT INTO `squad_rating_log` VALUES ('4_9', '90', '-58.53');
INSERT INTO `squad_rating_log` VALUES ('1_5', '91', '-58.10');
INSERT INTO `squad_rating_log` VALUES ('4_9', '91', '-37.28');
INSERT INTO `squad_rating_log` VALUES ('3_6', '92', '-19.57');
INSERT INTO `squad_rating_log` VALUES ('1_4', '92', '27.02');
INSERT INTO `squad_rating_log` VALUES ('3_6', '93', '-36.90');
INSERT INTO `squad_rating_log` VALUES ('1_4', '93', '44.35');
INSERT INTO `squad_rating_log` VALUES ('2_3', '94', '121.90');
INSERT INTO `squad_rating_log` VALUES ('1_9', '94', '-41.31');
INSERT INTO `squad_rating_log` VALUES ('2_3', '95', '133.14');
INSERT INTO `squad_rating_log` VALUES ('1_9', '95', '-52.55');
INSERT INTO `squad_rating_log` VALUES ('1_2', '96', '10.14');
INSERT INTO `squad_rating_log` VALUES ('3_9', '96', '23.94');
INSERT INTO `squad_rating_log` VALUES ('1_2', '97', '30.93');
INSERT INTO `squad_rating_log` VALUES ('3_9', '97', '3.15');
INSERT INTO `squad_rating_log` VALUES ('1_3', '98', '31.10');
INSERT INTO `squad_rating_log` VALUES ('2_9', '98', '-20.51');
INSERT INTO `squad_rating_log` VALUES ('1_3', '99', '48.15');
INSERT INTO `squad_rating_log` VALUES ('2_9', '99', '-37.56');
INSERT INTO `squad_rating_log` VALUES ('1_9', '100', '-22.77');
INSERT INTO `squad_rating_log` VALUES ('2_3', '100', '103.36');
INSERT INTO `squad_rating_log` VALUES ('1_9', '101', '-35.81');
INSERT INTO `squad_rating_log` VALUES ('2_3', '101', '116.40');
INSERT INTO `squad_rating_log` VALUES ('3_9', '102', '-15.25');
INSERT INTO `squad_rating_log` VALUES ('1_2', '102', '49.33');
INSERT INTO `squad_rating_log` VALUES ('3_9', '103', '-31.57');
INSERT INTO `squad_rating_log` VALUES ('1_2', '103', '65.65');
INSERT INTO `squad_rating_log` VALUES ('2_9', '104', '-52.72');
INSERT INTO `squad_rating_log` VALUES ('1_3', '104', '63.31');
INSERT INTO `squad_rating_log` VALUES ('2_9', '105', '-66.28');
INSERT INTO `squad_rating_log` VALUES ('1_3', '105', '76.87');
INSERT INTO `squad_rating_log` VALUES ('2_3', '106', '128.16');
INSERT INTO `squad_rating_log` VALUES ('1_9', '106', '-47.57');
INSERT INTO `squad_rating_log` VALUES ('2_3', '107', '138.83');
INSERT INTO `squad_rating_log` VALUES ('1_9', '107', '-58.24');
INSERT INTO `squad_rating_log` VALUES ('3_9', '108', '-46.12');
INSERT INTO `squad_rating_log` VALUES ('1_2', '108', '80.20');
INSERT INTO `squad_rating_log` VALUES ('3_9', '109', '-59.15');
INSERT INTO `squad_rating_log` VALUES ('1_2', '109', '93.23');
INSERT INTO `squad_rating_log` VALUES ('2_9', '110', '-78.48');
INSERT INTO `squad_rating_log` VALUES ('1_3', '110', '89.07');
INSERT INTO `squad_rating_log` VALUES ('2_9', '111', '-89.52');
INSERT INTO `squad_rating_log` VALUES ('1_3', '111', '100.11');
INSERT INTO `squad_rating_log` VALUES ('2_3', '112', '148.56');
INSERT INTO `squad_rating_log` VALUES ('1_9', '112', '-67.97');
INSERT INTO `squad_rating_log` VALUES ('2_3', '113', '157.49');
INSERT INTO `squad_rating_log` VALUES ('1_9', '113', '-76.90');
INSERT INTO `squad_rating_log` VALUES ('3_9', '114', '-70.90');
INSERT INTO `squad_rating_log` VALUES ('1_2', '114', '104.98');
INSERT INTO `squad_rating_log` VALUES ('3_9', '115', '-81.56');
INSERT INTO `squad_rating_log` VALUES ('1_2', '115', '115.64');
INSERT INTO `squad_rating_log` VALUES ('2_9', '116', '-99.57');
INSERT INTO `squad_rating_log` VALUES ('1_3', '116', '110.16');
INSERT INTO `squad_rating_log` VALUES ('2_9', '117', '-108.78');
INSERT INTO `squad_rating_log` VALUES ('1_3', '117', '119.37');
INSERT INTO `squad_rating_log` VALUES ('1_9', '118', '-45.14');
INSERT INTO `squad_rating_log` VALUES ('2_3', '118', '125.73');
INSERT INTO `squad_rating_log` VALUES ('1_9', '119', '-56.03');
INSERT INTO `squad_rating_log` VALUES ('2_3', '119', '136.62');
INSERT INTO `squad_rating_log` VALUES ('1_2', '120', '85.37');
INSERT INTO `squad_rating_log` VALUES ('3_9', '120', '-51.29');
INSERT INTO `squad_rating_log` VALUES ('1_2', '121', '57.89');
INSERT INTO `squad_rating_log` VALUES ('3_9', '121', '-23.81');
INSERT INTO `squad_rating_log` VALUES ('2_9', '122', '-117.26');
INSERT INTO `squad_rating_log` VALUES ('1_3', '122', '127.85');
INSERT INTO `squad_rating_log` VALUES ('2_9', '123', '-85.10');
INSERT INTO `squad_rating_log` VALUES ('1_3', '123', '95.69');
INSERT INTO `squad_rating_log` VALUES ('1_4', '124', '57.22');
INSERT INTO `squad_rating_log` VALUES ('2_9', '124', '-97.97');
INSERT INTO `squad_rating_log` VALUES ('1_4', '125', '68.84');
INSERT INTO `squad_rating_log` VALUES ('2_9', '125', '-109.59');
INSERT INTO `squad_rating_log` VALUES ('4_9', '126', '-48.03');
INSERT INTO `squad_rating_log` VALUES ('2_3', '126', '147.37');
INSERT INTO `squad_rating_log` VALUES ('4_9', '127', '-57.83');
INSERT INTO `squad_rating_log` VALUES ('2_3', '127', '157.17');
INSERT INTO `squad_rating_log` VALUES ('1_9', '128', '-67.33');
INSERT INTO `squad_rating_log` VALUES ('3_4', '128', '117.19');
INSERT INTO `squad_rating_log` VALUES ('1_9', '129', '-77.61');
INSERT INTO `squad_rating_log` VALUES ('3_4', '129', '127.47');
INSERT INTO `squad_rating_log` VALUES ('3_9', '130', '-39.19');
INSERT INTO `squad_rating_log` VALUES ('1_2', '130', '73.27');
INSERT INTO `squad_rating_log` VALUES ('3_9', '131', '-52.93');
INSERT INTO `squad_rating_log` VALUES ('1_2', '131', '87.01');
INSERT INTO `squad_rating_log` VALUES ('2_4', '132', '83.82');
INSERT INTO `squad_rating_log` VALUES ('1_3', '132', '73.75');
INSERT INTO `squad_rating_log` VALUES ('2_4', '133', '63.24');
INSERT INTO `squad_rating_log` VALUES ('1_3', '133', '94.33');
INSERT INTO `squad_rating_log` VALUES ('1_9', '134', '-89.92');
INSERT INTO `squad_rating_log` VALUES ('2_4', '134', '75.55');
INSERT INTO `squad_rating_log` VALUES ('1_9', '135', '-101.06');
INSERT INTO `squad_rating_log` VALUES ('2_4', '135', '86.69');
INSERT INTO `squad_rating_log` VALUES ('1_4', '136', '53.82');
INSERT INTO `squad_rating_log` VALUES ('2_3', '136', '172.19');
INSERT INTO `squad_rating_log` VALUES ('1_4', '137', '40.38');
INSERT INTO `squad_rating_log` VALUES ('2_3', '137', '185.63');
INSERT INTO `squad_rating_log` VALUES ('3_5', '138', '-42.48');
INSERT INTO `squad_rating_log` VALUES ('1_2', '138', '100.57');
INSERT INTO `squad_rating_log` VALUES ('3_5', '139', '-54.68');
INSERT INTO `squad_rating_log` VALUES ('1_2', '139', '112.77');
INSERT INTO `squad_rating_log` VALUES ('1_3', '140', '109.49');
INSERT INTO `squad_rating_log` VALUES ('2_5', '140', '-6.52');
INSERT INTO `squad_rating_log` VALUES ('1_3', '141', '123.05');
INSERT INTO `squad_rating_log` VALUES ('2_5', '141', '-20.08');
INSERT INTO `squad_rating_log` VALUES ('2_3', '142', '193.52');
INSERT INTO `squad_rating_log` VALUES ('1_5', '142', '-65.99');
INSERT INTO `squad_rating_log` VALUES ('2_3', '143', '200.85');
INSERT INTO `squad_rating_log` VALUES ('1_5', '143', '-73.32');
INSERT INTO `squad_rating_log` VALUES ('2_5', '144', '-32.28');
INSERT INTO `squad_rating_log` VALUES ('1_3', '144', '135.25');
INSERT INTO `squad_rating_log` VALUES ('2_5', '145', '-43.32');
INSERT INTO `squad_rating_log` VALUES ('1_3', '145', '146.29');
INSERT INTO `squad_rating_log` VALUES ('2_3', '146', '172.22');
INSERT INTO `squad_rating_log` VALUES ('1_4', '146', '69.01');
INSERT INTO `squad_rating_log` VALUES ('2_3', '147', '186.45');
INSERT INTO `squad_rating_log` VALUES ('1_4', '147', '54.78');
INSERT INTO `squad_rating_log` VALUES ('2_3', '148', '199.21');
INSERT INTO `squad_rating_log` VALUES ('1_4', '148', '42.02');
INSERT INTO `squad_rating_log` VALUES ('2_3', '149', '210.73');
INSERT INTO `squad_rating_log` VALUES ('1_4', '149', '30.50');
INSERT INTO `squad_rating_log` VALUES ('2_3', '150', '221.20');
INSERT INTO `squad_rating_log` VALUES ('1_4', '150', '20.03');
INSERT INTO `squad_rating_log` VALUES ('2_3', '151', '230.76');
INSERT INTO `squad_rating_log` VALUES ('1_4', '151', '10.47');
INSERT INTO `squad_rating_log` VALUES ('3_7', '152', '-50.84');
INSERT INTO `squad_rating_log` VALUES ('2_4', '152', '99.82');
INSERT INTO `squad_rating_log` VALUES ('3_7', '153', '-62.67');
INSERT INTO `squad_rating_log` VALUES ('2_4', '153', '111.65');
INSERT INTO `squad_rating_log` VALUES ('3_7', '154', '-83.24');
INSERT INTO `squad_rating_log` VALUES ('4_5', '154', '-51.94');
INSERT INTO `squad_rating_log` VALUES ('3_7', '155', '-61.44');
INSERT INTO `squad_rating_log` VALUES ('4_5', '155', '-73.74');
INSERT INTO `squad_rating_log` VALUES ('4_7', '156', '-58.73');
INSERT INTO `squad_rating_log` VALUES ('2_5', '156', '-23.04');
INSERT INTO `squad_rating_log` VALUES ('4_7', '157', '-76.68');
INSERT INTO `squad_rating_log` VALUES ('2_5', '157', '-5.09');
INSERT INTO `squad_rating_log` VALUES ('2_9', '158', '-87.53');
INSERT INTO `squad_rating_log` VALUES ('4_5', '158', '-95.80');
INSERT INTO `squad_rating_log` VALUES ('2_9', '159', '-68.01');
INSERT INTO `squad_rating_log` VALUES ('4_5', '159', '-115.32');
INSERT INTO `squad_rating_log` VALUES ('2_3', '160', '199.54');
INSERT INTO `squad_rating_log` VALUES ('1_4', '160', '41.69');
INSERT INTO `squad_rating_log` VALUES ('2_3', '161', '211.03');
INSERT INTO `squad_rating_log` VALUES ('1_4', '161', '30.20');
INSERT INTO `squad_rating_log` VALUES ('1_3', '162', '124.30');
INSERT INTO `squad_rating_log` VALUES ('2_4', '162', '133.64');
INSERT INTO `squad_rating_log` VALUES ('1_3', '163', '144.84');
INSERT INTO `squad_rating_log` VALUES ('2_4', '163', '113.10');
INSERT INTO `squad_rating_log` VALUES ('1_2', '164', '133.62');
INSERT INTO `squad_rating_log` VALUES ('3_4', '164', '106.62');
INSERT INTO `squad_rating_log` VALUES ('1_2', '165', '112.07');
INSERT INTO `squad_rating_log` VALUES ('3_4', '165', '128.17');
INSERT INTO `squad_rating_log` VALUES ('4_9', '166', '-34.82');
INSERT INTO `squad_rating_log` VALUES ('2_5', '166', '-28.10');
INSERT INTO `squad_rating_log` VALUES ('4_9', '167', '-14.43');
INSERT INTO `squad_rating_log` VALUES ('2_5', '167', '-48.49');
INSERT INTO `squad_rating_log` VALUES ('4_9', '168', '-36.38');
INSERT INTO `squad_rating_log` VALUES ('2_5', '168', '-26.54');
INSERT INTO `squad_rating_log` VALUES ('4_9', '169', '-55.81');
INSERT INTO `squad_rating_log` VALUES ('2_5', '169', '-7.11');
INSERT INTO `squad_rating_log` VALUES ('2_5', '170', '7.61');
INSERT INTO `squad_rating_log` VALUES ('1_9', '170', '-115.78');
INSERT INTO `squad_rating_log` VALUES ('2_5', '171', '20.79');
INSERT INTO `squad_rating_log` VALUES ('1_9', '171', '-128.96');
INSERT INTO `squad_rating_log` VALUES ('1_4', '172', '44.69');
INSERT INTO `squad_rating_log` VALUES ('2_9', '172', '-82.50');
INSERT INTO `squad_rating_log` VALUES ('1_4', '173', '57.68');
INSERT INTO `squad_rating_log` VALUES ('2_9', '173', '-95.49');
INSERT INTO `squad_rating_log` VALUES ('1_5', '174', '-52.31');
INSERT INTO `squad_rating_log` VALUES ('4_9', '174', '-76.82');
INSERT INTO `squad_rating_log` VALUES ('1_5', '175', '-33.72');
INSERT INTO `squad_rating_log` VALUES ('4_9', '175', '-95.41');
INSERT INTO `squad_rating_log` VALUES ('1_5', '176', '-5.74');
INSERT INTO `squad_rating_log` VALUES ('2_4', '176', '85.12');
INSERT INTO `squad_rating_log` VALUES ('1_5', '177', '19.37');
INSERT INTO `squad_rating_log` VALUES ('2_4', '177', '60.01');
INSERT INTO `squad_rating_log` VALUES ('2_5', '178', '2.91');
INSERT INTO `squad_rating_log` VALUES ('1_4', '178', '75.56');
INSERT INTO `squad_rating_log` VALUES ('2_5', '179', '-12.97');
INSERT INTO `squad_rating_log` VALUES ('1_4', '179', '91.44');
INSERT INTO `squad_rating_log` VALUES ('2_5', '180', '12.87');
INSERT INTO `squad_rating_log` VALUES ('1_4', '180', '65.60');
INSERT INTO `squad_rating_log` VALUES ('2_5', '181', '-4.12');
INSERT INTO `squad_rating_log` VALUES ('1_4', '181', '82.59');
INSERT INTO `squad_rating_log` VALUES ('1_2', '182', '120.58');
INSERT INTO `squad_rating_log` VALUES ('4_5', '182', '-123.83');
INSERT INTO `squad_rating_log` VALUES ('1_2', '183', '128.45');
INSERT INTO `squad_rating_log` VALUES ('4_5', '183', '-131.70');
INSERT INTO `squad_rating_log` VALUES ('1_5', '184', '9.40');
INSERT INTO `squad_rating_log` VALUES ('2_3', '184', '221.00');
INSERT INTO `squad_rating_log` VALUES ('1_5', '185', '0.27');
INSERT INTO `squad_rating_log` VALUES ('2_3', '185', '230.13');
INSERT INTO `squad_rating_log` VALUES ('4_5', '186', '-136.13');
INSERT INTO `squad_rating_log` VALUES ('2_3', '186', '234.56');
INSERT INTO `squad_rating_log` VALUES ('4_5', '187', '-140.36');
INSERT INTO `squad_rating_log` VALUES ('2_3', '187', '238.79');
INSERT INTO `squad_rating_log` VALUES ('4_5', '188', '-147.38');
INSERT INTO `squad_rating_log` VALUES ('1_2', '188', '135.47');
INSERT INTO `squad_rating_log` VALUES ('4_5', '189', '-153.94');
INSERT INTO `squad_rating_log` VALUES ('1_2', '189', '142.03');
INSERT INTO `squad_rating_log` VALUES ('3_5', '190', '-67.17');
INSERT INTO `squad_rating_log` VALUES ('1_4', '190', '95.08');
INSERT INTO `squad_rating_log` VALUES ('3_5', '191', '-38.45');
INSERT INTO `squad_rating_log` VALUES ('1_4', '191', '66.36');
INSERT INTO `squad_rating_log` VALUES ('1_3', '192', '120.05');
INSERT INTO `squad_rating_log` VALUES ('2_4', '192', '84.80');
INSERT INTO `squad_rating_log` VALUES ('1_3', '193', '138.03');
INSERT INTO `squad_rating_log` VALUES ('2_4', '193', '66.82');
INSERT INTO `squad_rating_log` VALUES ('3_4', '194', '140.90');
INSERT INTO `squad_rating_log` VALUES ('2_5', '194', '-16.85');
INSERT INTO `squad_rating_log` VALUES ('3_4', '195', '112.40');
INSERT INTO `squad_rating_log` VALUES ('2_5', '195', '11.65');
INSERT INTO `squad_rating_log` VALUES ('2_5', '196', '38.62');
INSERT INTO `squad_rating_log` VALUES ('1_3', '196', '111.06');
INSERT INTO `squad_rating_log` VALUES ('2_5', '197', '22.73');
INSERT INTO `squad_rating_log` VALUES ('1_3', '197', '126.95');
INSERT INTO `squad_rating_log` VALUES ('1_2', '198', '112.48');
INSERT INTO `squad_rating_log` VALUES ('3_5', '198', '-8.90');
INSERT INTO `squad_rating_log` VALUES ('1_2', '199', '125.76');
INSERT INTO `squad_rating_log` VALUES ('3_5', '199', '-22.18');
INSERT INTO `squad_rating_log` VALUES ('1_5', '200', '-7.82');
INSERT INTO `squad_rating_log` VALUES ('2_3', '200', '246.88');
INSERT INTO `squad_rating_log` VALUES ('1_5', '201', '-15.32');
INSERT INTO `squad_rating_log` VALUES ('2_3', '201', '254.38');
INSERT INTO `squad_rating_log` VALUES ('2_5', '202', '48.56');
INSERT INTO `squad_rating_log` VALUES ('1_3', '202', '101.12');
INSERT INTO `squad_rating_log` VALUES ('2_5', '203', '31.56');
INSERT INTO `squad_rating_log` VALUES ('1_3', '203', '118.12');
INSERT INTO `squad_rating_log` VALUES ('3_5', '204', '-34.14');
INSERT INTO `squad_rating_log` VALUES ('1_2', '204', '137.72');
INSERT INTO `squad_rating_log` VALUES ('3_5', '205', '-44.98');
INSERT INTO `squad_rating_log` VALUES ('1_2', '205', '148.56');
INSERT INTO `squad_rating_log` VALUES ('2_3', '206', '261.37');
INSERT INTO `squad_rating_log` VALUES ('1_5', '206', '-22.31');
INSERT INTO `squad_rating_log` VALUES ('2_3', '207', '267.91');
INSERT INTO `squad_rating_log` VALUES ('1_5', '207', '-28.85');
INSERT INTO `squad_rating_log` VALUES ('1_9', '208', '-140.33');
INSERT INTO `squad_rating_log` VALUES ('2_5', '208', '42.93');
INSERT INTO `squad_rating_log` VALUES ('1_9', '209', '-150.66');
INSERT INTO `squad_rating_log` VALUES ('2_5', '209', '53.26');
INSERT INTO `squad_rating_log` VALUES ('1_5', '210', '-52.64');
INSERT INTO `squad_rating_log` VALUES ('2_9', '210', '-71.70');
INSERT INTO `squad_rating_log` VALUES ('1_5', '211', '-33.74');
INSERT INTO `squad_rating_log` VALUES ('2_9', '211', '-90.60');
INSERT INTO `squad_rating_log` VALUES ('5_9', '212', '-47.91');
INSERT INTO `squad_rating_log` VALUES ('1_2', '212', '158.76');
INSERT INTO `squad_rating_log` VALUES ('5_9', '213', '-57.24');
INSERT INTO `squad_rating_log` VALUES ('1_2', '213', '168.09');
INSERT INTO `squad_rating_log` VALUES ('1_3', '214', '127.37');
INSERT INTO `squad_rating_log` VALUES ('2_9', '214', '-99.85');
INSERT INTO `squad_rating_log` VALUES ('1_3', '215', '95.88');
INSERT INTO `squad_rating_log` VALUES ('2_9', '215', '-68.36');
INSERT INTO `squad_rating_log` VALUES ('3_9', '216', '-61.68');
INSERT INTO `squad_rating_log` VALUES ('1_2', '216', '176.84');
INSERT INTO `squad_rating_log` VALUES ('3_9', '217', '-69.77');
INSERT INTO `squad_rating_log` VALUES ('1_2', '217', '184.93');
INSERT INTO `squad_rating_log` VALUES ('1_3', '218', '107.07');
INSERT INTO `squad_rating_log` VALUES ('2_9', '218', '-79.55');
INSERT INTO `squad_rating_log` VALUES ('1_3', '219', '117.25');
INSERT INTO `squad_rating_log` VALUES ('2_9', '219', '-89.73');
INSERT INTO `squad_rating_log` VALUES ('1_7', '220', '-37.94');
INSERT INTO `squad_rating_log` VALUES ('2_3', '220', '273.95');
INSERT INTO `squad_rating_log` VALUES ('1_7', '221', '-43.64');
INSERT INTO `squad_rating_log` VALUES ('2_3', '221', '279.65');
INSERT INTO `squad_rating_log` VALUES ('1_3', '222', '132.75');
INSERT INTO `squad_rating_log` VALUES ('2_7', '222', '22.21');
INSERT INTO `squad_rating_log` VALUES ('1_3', '223', '106.59');
INSERT INTO `squad_rating_log` VALUES ('2_7', '223', '48.37');
INSERT INTO `squad_rating_log` VALUES ('3_7', '224', '-69.24');
INSERT INTO `squad_rating_log` VALUES ('1_2', '224', '192.73');
INSERT INTO `squad_rating_log` VALUES ('3_7', '225', '-76.49');
INSERT INTO `squad_rating_log` VALUES ('1_2', '225', '199.98');
INSERT INTO `squad_rating_log` VALUES ('2_3', '226', '245.03');
INSERT INTO `squad_rating_log` VALUES ('1_7', '226', '-9.02');
INSERT INTO `squad_rating_log` VALUES ('2_3', '227', '252.55');
INSERT INTO `squad_rating_log` VALUES ('1_7', '227', '-16.54');
INSERT INTO `squad_rating_log` VALUES ('1_3', '228', '83.27');
INSERT INTO `squad_rating_log` VALUES ('2_7', '228', '71.69');
INSERT INTO `squad_rating_log` VALUES ('1_3', '229', '102.60');
INSERT INTO `squad_rating_log` VALUES ('2_7', '229', '52.36');
INSERT INTO `squad_rating_log` VALUES ('1_4', '230', '96.16');
INSERT INTO `squad_rating_log` VALUES ('2_3', '230', '222.75');
INSERT INTO `squad_rating_log` VALUES ('1_4', '231', '83.14');
INSERT INTO `squad_rating_log` VALUES ('2_3', '231', '235.77');
INSERT INTO `squad_rating_log` VALUES ('1_4', '232', '71.40');
INSERT INTO `squad_rating_log` VALUES ('2_3', '232', '247.51');
INSERT INTO `squad_rating_log` VALUES ('1_5', '233', '-5.79');
INSERT INTO `squad_rating_log` VALUES ('3_4', '233', '84.45');
INSERT INTO `squad_rating_log` VALUES ('1_5', '234', '-20.71');
INSERT INTO `squad_rating_log` VALUES ('3_4', '234', '99.37');
INSERT INTO `squad_rating_log` VALUES ('3_5', '235', '-18.52');
INSERT INTO `squad_rating_log` VALUES ('1_4', '235', '44.94');
INSERT INTO `squad_rating_log` VALUES ('3_5', '236', '-34.91');
INSERT INTO `squad_rating_log` VALUES ('1_4', '236', '61.33');
INSERT INTO `squad_rating_log` VALUES ('2_5', '237', '76.08');
INSERT INTO `squad_rating_log` VALUES ('1_3', '237', '79.78');
INSERT INTO `squad_rating_log` VALUES ('2_5', '238', '56.29');
INSERT INTO `squad_rating_log` VALUES ('1_3', '238', '99.57');
INSERT INTO `squad_rating_log` VALUES ('3_4', '239', '85.00');
INSERT INTO `squad_rating_log` VALUES ('1_2', '239', '214.35');
INSERT INTO `squad_rating_log` VALUES ('3_4', '240', '72.12');
INSERT INTO `squad_rating_log` VALUES ('1_2', '240', '227.23');
INSERT INTO `squad_rating_log` VALUES ('4_5', '241', '-157.95');
INSERT INTO `squad_rating_log` VALUES ('1_2', '241', '231.24');
INSERT INTO `squad_rating_log` VALUES ('4_5', '242', '-161.80');
INSERT INTO `squad_rating_log` VALUES ('1_2', '242', '235.09');
INSERT INTO `squad_rating_log` VALUES ('1_5', '243', '-35.78');
INSERT INTO `squad_rating_log` VALUES ('2_4', '243', '81.89');
INSERT INTO `squad_rating_log` VALUES ('1_5', '244', '-49.25');
INSERT INTO `squad_rating_log` VALUES ('2_4', '244', '95.36');
INSERT INTO `squad_rating_log` VALUES ('1_5', '245', '-61.38');
INSERT INTO `squad_rating_log` VALUES ('2_4', '245', '107.49');
INSERT INTO `squad_rating_log` VALUES ('1_5', '246', '-72.36');
INSERT INTO `squad_rating_log` VALUES ('2_4', '246', '118.47');
INSERT INTO `squad_rating_log` VALUES ('1_3', '247', '117.09');
INSERT INTO `squad_rating_log` VALUES ('2_5', '247', '38.77');
INSERT INTO `squad_rating_log` VALUES ('1_3', '248', '132.66');
INSERT INTO `squad_rating_log` VALUES ('2_5', '248', '23.20');
INSERT INTO `squad_rating_log` VALUES ('3_5', '249', '-18.04');
INSERT INTO `squad_rating_log` VALUES ('2_9', '249', '-106.60');
INSERT INTO `squad_rating_log` VALUES ('3_5', '250', '-3.03');
INSERT INTO `squad_rating_log` VALUES ('2_9', '250', '-121.61');
INSERT INTO `squad_rating_log` VALUES ('3_5', '251', '11.77');
INSERT INTO `squad_rating_log` VALUES ('4_9', '251', '-110.21');
INSERT INTO `squad_rating_log` VALUES ('3_5', '252', '25.02');
INSERT INTO `squad_rating_log` VALUES ('4_9', '252', '-123.46');
INSERT INTO `squad_rating_log` VALUES ('3_5', '253', '10.27');
INSERT INTO `squad_rating_log` VALUES ('2_4', '253', '133.22');
INSERT INTO `squad_rating_log` VALUES ('3_5', '254', '-2.93');
INSERT INTO `squad_rating_log` VALUES ('2_4', '254', '146.42');
INSERT INTO `squad_rating_log` VALUES ('3_7', '255', '-85.17');
INSERT INTO `squad_rating_log` VALUES ('2_4', '255', '155.10');
INSERT INTO `squad_rating_log` VALUES ('3_7', '256', '-93.19');
INSERT INTO `squad_rating_log` VALUES ('2_4', '256', '163.12');
INSERT INTO `squad_rating_log` VALUES ('3_4', '257', '90.98');
INSERT INTO `squad_rating_log` VALUES ('2_7', '257', '33.50');
INSERT INTO `squad_rating_log` VALUES ('3_4', '258', '67.70');
INSERT INTO `squad_rating_log` VALUES ('2_7', '258', '56.78');
INSERT INTO `squad_rating_log` VALUES ('3_5', '259', '12.89');
INSERT INTO `squad_rating_log` VALUES ('4_7', '259', '-92.50');
INSERT INTO `squad_rating_log` VALUES ('3_5', '260', '27.00');
INSERT INTO `squad_rating_log` VALUES ('4_7', '260', '-106.61');
INSERT INTO `squad_rating_log` VALUES ('4_9', '261', '-136.09');
INSERT INTO `squad_rating_log` VALUES ('5_7', '261', '23.48');
INSERT INTO `squad_rating_log` VALUES ('4_9', '262', '-107.50');
INSERT INTO `squad_rating_log` VALUES ('5_7', '262', '-5.11');
INSERT INTO `squad_rating_log` VALUES ('4_5', '263', '-139.50');
INSERT INTO `squad_rating_log` VALUES ('2_9', '263', '-143.91');
INSERT INTO `squad_rating_log` VALUES ('4_5', '264', '-159.75');
INSERT INTO `squad_rating_log` VALUES ('2_9', '264', '-123.66');
INSERT INTO `squad_rating_log` VALUES ('2_5', '265', '36.01');
INSERT INTO `squad_rating_log` VALUES ('4_9', '265', '-120.31');
INSERT INTO `squad_rating_log` VALUES ('2_5', '266', '47.57');
INSERT INTO `squad_rating_log` VALUES ('4_9', '266', '-131.87');
INSERT INTO `squad_rating_log` VALUES ('5_9', '267', '-66.02');
INSERT INTO `squad_rating_log` VALUES ('2_4', '267', '171.90');
INSERT INTO `squad_rating_log` VALUES ('5_9', '268', '-74.13');
INSERT INTO `squad_rating_log` VALUES ('2_4', '268', '180.01');
INSERT INTO `squad_rating_log` VALUES ('2_5', '269', '68.73');
INSERT INTO `squad_rating_log` VALUES ('3_4', '269', '46.54');
INSERT INTO `squad_rating_log` VALUES ('2_5', '270', '87.45');
INSERT INTO `squad_rating_log` VALUES ('3_4', '270', '27.82');
INSERT INTO `squad_rating_log` VALUES ('2_5', '271', '97.31');
INSERT INTO `squad_rating_log` VALUES ('4_7', '271', '-116.47');
INSERT INTO `squad_rating_log` VALUES ('2_5', '272', '106.35');
INSERT INTO `squad_rating_log` VALUES ('4_7', '272', '-125.51');
INSERT INTO `squad_rating_log` VALUES ('3_5', '273', '8.71');
INSERT INTO `squad_rating_log` VALUES ('2_7', '273', '75.07');
INSERT INTO `squad_rating_log` VALUES ('3_5', '274', '-7.52');
INSERT INTO `squad_rating_log` VALUES ('2_7', '274', '91.30');
INSERT INTO `squad_rating_log` VALUES ('5_7', '275', '-15.36');
INSERT INTO `squad_rating_log` VALUES ('2_4', '275', '190.26');
INSERT INTO `squad_rating_log` VALUES ('5_7', '276', '-24.74');
INSERT INTO `squad_rating_log` VALUES ('2_4', '276', '199.64');
INSERT INTO `squad_rating_log` VALUES ('3_7', '277', '-59.44');
INSERT INTO `squad_rating_log` VALUES ('2_4', '277', '165.89');
INSERT INTO `squad_rating_log` VALUES ('3_7', '278', '-28.03');
INSERT INTO `squad_rating_log` VALUES ('2_4', '278', '134.48');
INSERT INTO `squad_rating_log` VALUES ('3_5', '279', '5.94');
INSERT INTO `squad_rating_log` VALUES ('4_7', '279', '-138.97');
INSERT INTO `squad_rating_log` VALUES ('3_5', '280', '18.05');
INSERT INTO `squad_rating_log` VALUES ('4_7', '280', '-151.08');
INSERT INTO `squad_rating_log` VALUES ('3_5', '281', '42.21');
INSERT INTO `squad_rating_log` VALUES ('2_7', '281', '67.14');
INSERT INTO `squad_rating_log` VALUES ('3_5', '282', '23.64');
INSERT INTO `squad_rating_log` VALUES ('2_7', '282', '85.71');
INSERT INTO `squad_rating_log` VALUES ('3_5', '283', '35.63');
INSERT INTO `squad_rating_log` VALUES ('2_9', '283', '-135.65');
INSERT INTO `squad_rating_log` VALUES ('3_5', '284', '46.50');
INSERT INTO `squad_rating_log` VALUES ('2_9', '284', '-146.52');
INSERT INTO `squad_rating_log` VALUES ('2_5', '285', '118.98');
INSERT INTO `squad_rating_log` VALUES ('3_7', '285', '-40.66');
INSERT INTO `squad_rating_log` VALUES ('2_5', '286', '130.39');
INSERT INTO `squad_rating_log` VALUES ('3_7', '286', '-52.07');
INSERT INTO `squad_rating_log` VALUES ('2_5', '287', '141.10');
INSERT INTO `squad_rating_log` VALUES ('4_6', '287', '-55.15');
INSERT INTO `squad_rating_log` VALUES ('2_5', '288', '150.87');
INSERT INTO `squad_rating_log` VALUES ('4_6', '288', '-64.92');
INSERT INTO `squad_rating_log` VALUES ('3_7', '289', '-32.81');
INSERT INTO `squad_rating_log` VALUES ('4_6', '289', '-84.18');
INSERT INTO `squad_rating_log` VALUES ('3_7', '290', '-15.75');
INSERT INTO `squad_rating_log` VALUES ('4_6', '290', '-101.24');
INSERT INTO `squad_rating_log` VALUES ('3_5', '291', '68.75');
INSERT INTO `squad_rating_log` VALUES ('2_7', '291', '63.46');
INSERT INTO `squad_rating_log` VALUES ('3_5', '292', '48.45');
INSERT INTO `squad_rating_log` VALUES ('2_7', '292', '83.76');
INSERT INTO `squad_rating_log` VALUES ('5_6', '293', '-54.47');
INSERT INTO `squad_rating_log` VALUES ('2_7', '293', '96.85');
INSERT INTO `squad_rating_log` VALUES ('5_6', '294', '-66.27');
INSERT INTO `squad_rating_log` VALUES ('2_7', '294', '108.65');
INSERT INTO `squad_rating_log` VALUES ('3_6', '295', '-23.69');
INSERT INTO `squad_rating_log` VALUES ('4_5', '295', '-172.96');
INSERT INTO `squad_rating_log` VALUES ('3_6', '296', '-11.79');
INSERT INTO `squad_rating_log` VALUES ('4_5', '296', '-184.86');
INSERT INTO `squad_rating_log` VALUES ('5_7', '297', '-36.17');
INSERT INTO `squad_rating_log` VALUES ('2_4', '297', '145.91');
INSERT INTO `squad_rating_log` VALUES ('5_7', '298', '-46.55');
INSERT INTO `squad_rating_log` VALUES ('2_4', '298', '156.29');
INSERT INTO `squad_rating_log` VALUES ('2_6', '299', '24.93');
INSERT INTO `squad_rating_log` VALUES ('3_5', '299', '25.81');
INSERT INTO `squad_rating_log` VALUES ('2_6', '300', '44.98');
INSERT INTO `squad_rating_log` VALUES ('3_5', '300', '5.76');
INSERT INTO `squad_rating_log` VALUES ('2_6', '301', '54.76');
INSERT INTO `squad_rating_log` VALUES ('4_7', '301', '-160.86');
INSERT INTO `squad_rating_log` VALUES ('2_6', '302', '23.73');
INSERT INTO `squad_rating_log` VALUES ('4_7', '302', '-129.83');
INSERT INTO `squad_rating_log` VALUES ('3_5', '303', '18.33');
INSERT INTO `squad_rating_log` VALUES ('4_7', '303', '-142.40');
INSERT INTO `squad_rating_log` VALUES ('3_5', '304', '-10.31');
INSERT INTO `squad_rating_log` VALUES ('4_7', '304', '-113.76');
INSERT INTO `squad_rating_log` VALUES ('5_7', '305', '-24.56');
INSERT INTO `squad_rating_log` VALUES ('3_6', '305', '-33.78');
INSERT INTO `squad_rating_log` VALUES ('5_7', '306', '-45.09');
INSERT INTO `squad_rating_log` VALUES ('3_6', '306', '-13.25');
INSERT INTO `squad_rating_log` VALUES ('2_4', '307', '167.12');
INSERT INTO `squad_rating_log` VALUES ('3_7', '307', '-26.58');
INSERT INTO `squad_rating_log` VALUES ('2_4', '308', '177.00');
INSERT INTO `squad_rating_log` VALUES ('3_7', '308', '-36.46');
INSERT INTO `squad_rating_log` VALUES ('2_6', '309', '3.97');
INSERT INTO `squad_rating_log` VALUES ('3_4', '309', '47.58');
INSERT INTO `squad_rating_log` VALUES ('2_6', '310', '-13.53');
INSERT INTO `squad_rating_log` VALUES ('3_4', '310', '65.08');
INSERT INTO `squad_rating_log` VALUES ('2_9', '311', '-119.20');
INSERT INTO `squad_rating_log` VALUES ('3_6', '311', '-40.57');
INSERT INTO `squad_rating_log` VALUES ('2_9', '312', '-134.75');
INSERT INTO `squad_rating_log` VALUES ('3_6', '312', '-25.02');
INSERT INTO `squad_rating_log` VALUES ('7_9', '313', '13.72');
INSERT INTO `squad_rating_log` VALUES ('4_5', '313', '-194.96');
INSERT INTO `squad_rating_log` VALUES ('7_9', '314', '-17.03');
INSERT INTO `squad_rating_log` VALUES ('4_5', '314', '-164.21');
INSERT INTO `squad_rating_log` VALUES ('3_9', '315', '-86.56');
INSERT INTO `squad_rating_log` VALUES ('2_6', '315', '3.26');
INSERT INTO `squad_rating_log` VALUES ('3_9', '316', '-101.50');
INSERT INTO `squad_rating_log` VALUES ('2_6', '316', '18.20');
INSERT INTO `squad_rating_log` VALUES ('5_7', '317', '-53.80');
INSERT INTO `squad_rating_log` VALUES ('2_4', '317', '185.71');
INSERT INTO `squad_rating_log` VALUES ('5_7', '318', '-61.85');
INSERT INTO `squad_rating_log` VALUES ('2_4', '318', '193.76');
INSERT INTO `squad_rating_log` VALUES ('3_6', '319', '-35.68');
INSERT INTO `squad_rating_log` VALUES ('2_5', '319', '161.53');
INSERT INTO `squad_rating_log` VALUES ('3_6', '320', '-45.41');
INSERT INTO `squad_rating_log` VALUES ('2_5', '320', '171.26');
INSERT INTO `squad_rating_log` VALUES ('3_4', '321', '77.86');
INSERT INTO `squad_rating_log` VALUES ('5_6', '321', '-79.05');
INSERT INTO `squad_rating_log` VALUES ('3_4', '322', '89.40');
INSERT INTO `squad_rating_log` VALUES ('5_6', '322', '-90.59');
INSERT INTO `squad_rating_log` VALUES ('5_6', '323', '-72.96');
INSERT INTO `squad_rating_log` VALUES ('4_9', '323', '-149.50');
INSERT INTO `squad_rating_log` VALUES ('5_6', '324', '-57.30');
INSERT INTO `squad_rating_log` VALUES ('4_9', '324', '-165.16');
INSERT INTO `squad_rating_log` VALUES ('2_7', '325', '119.76');
INSERT INTO `squad_rating_log` VALUES ('5_6', '325', '-68.41');
INSERT INTO `squad_rating_log` VALUES ('2_7', '326', '129.88');
INSERT INTO `squad_rating_log` VALUES ('5_6', '326', '-78.53');
INSERT INTO `squad_rating_log` VALUES ('4_5', '327', '-130.43');
INSERT INTO `squad_rating_log` VALUES ('2_7', '327', '96.10');
INSERT INTO `squad_rating_log` VALUES ('4_5', '328', '-138.97');
INSERT INTO `squad_rating_log` VALUES ('2_7', '328', '104.64');
INSERT INTO `squad_rating_log` VALUES ('4_6', '329', '-108.14');
INSERT INTO `squad_rating_log` VALUES ('2_5', '329', '178.16');
INSERT INTO `squad_rating_log` VALUES ('5_7', '330', '-77.32');
INSERT INTO `squad_rating_log` VALUES ('2_6', '330', '33.67');
INSERT INTO `squad_rating_log` VALUES ('5_7', '331', '-91.14');
INSERT INTO `squad_rating_log` VALUES ('2_6', '331', '47.49');
INSERT INTO `squad_rating_log` VALUES ('5_6', '332', '-63.42');
INSERT INTO `squad_rating_log` VALUES ('4_9', '332', '-180.27');
INSERT INTO `squad_rating_log` VALUES ('5_6', '333', '-89.90');
INSERT INTO `squad_rating_log` VALUES ('4_9', '333', '-153.79');
INSERT INTO `squad_rating_log` VALUES ('5_9', '334', '-96.08');
INSERT INTO `squad_rating_log` VALUES ('4_6', '334', '-86.19');
INSERT INTO `squad_rating_log` VALUES ('5_9', '335', '-115.51');
INSERT INTO `squad_rating_log` VALUES ('4_6', '335', '-66.76');
INSERT INTO `squad_rating_log` VALUES ('4_5', '336', '-111.37');
INSERT INTO `squad_rating_log` VALUES ('6_9', '336', '-27.60');
INSERT INTO `squad_rating_log` VALUES ('4_5', '337', '-86.64');
INSERT INTO `squad_rating_log` VALUES ('6_9', '337', '-52.33');
INSERT INTO `squad_rating_log` VALUES ('4_9', '338', '-163.35');
INSERT INTO `squad_rating_log` VALUES ('2_6', '338', '57.05');
INSERT INTO `squad_rating_log` VALUES ('4_9', '339', '-172.13');
INSERT INTO `squad_rating_log` VALUES ('2_6', '339', '65.83');
INSERT INTO `squad_rating_log` VALUES ('2_9', '340', '-110.89');
INSERT INTO `squad_rating_log` VALUES ('4_6', '340', '-90.62');
INSERT INTO `squad_rating_log` VALUES ('2_9', '341', '-129.72');
INSERT INTO `squad_rating_log` VALUES ('4_6', '341', '-71.79');
INSERT INTO `squad_rating_log` VALUES ('4_7', '342', '-90.26');
INSERT INTO `squad_rating_log` VALUES ('6_9', '342', '-75.83');
INSERT INTO `squad_rating_log` VALUES ('4_7', '343', '-69.43');
INSERT INTO `squad_rating_log` VALUES ('6_9', '343', '-96.66');
INSERT INTO `squad_rating_log` VALUES ('6_7', '344', '24.09');
INSERT INTO `squad_rating_log` VALUES ('2_4', '344', '163.37');
INSERT INTO `squad_rating_log` VALUES ('6_7', '345', '11.70');
INSERT INTO `squad_rating_log` VALUES ('2_4', '345', '175.76');
INSERT INTO `squad_rating_log` VALUES ('6_7', '346', '0.50');
INSERT INTO `squad_rating_log` VALUES ('2_4', '346', '186.96');
INSERT INTO `squad_rating_log` VALUES ('6_7', '347', '-9.69');
INSERT INTO `squad_rating_log` VALUES ('2_4', '347', '197.15');
INSERT INTO `squad_rating_log` VALUES ('6_7', '348', '-19.82');
INSERT INTO `squad_rating_log` VALUES ('2_5', '348', '188.29');
INSERT INTO `squad_rating_log` VALUES ('6_7', '349', '10.91');
INSERT INTO `squad_rating_log` VALUES ('2_5', '349', '157.56');
INSERT INTO `squad_rating_log` VALUES ('6_7', '350', '-14.56');
INSERT INTO `squad_rating_log` VALUES ('4_5', '350', '-61.17');
INSERT INTO `squad_rating_log` VALUES ('6_7', '351', '2.77');
INSERT INTO `squad_rating_log` VALUES ('4_5', '351', '-78.50');
INSERT INTO `squad_rating_log` VALUES ('5_7', '352', '-57.53');
INSERT INTO `squad_rating_log` VALUES ('2_4', '352', '163.54');
INSERT INTO `squad_rating_log` VALUES ('5_7', '353', '-66.28');
INSERT INTO `squad_rating_log` VALUES ('2_4', '353', '172.29');
INSERT INTO `squad_rating_log` VALUES ('4_6', '354', '-80.22');
INSERT INTO `squad_rating_log` VALUES ('2_5', '354', '165.99');
INSERT INTO `squad_rating_log` VALUES ('4_6', '355', '-88.02');
INSERT INTO `squad_rating_log` VALUES ('2_5', '355', '173.79');
INSERT INTO `squad_rating_log` VALUES ('3_6', '356', '-54.30');
INSERT INTO `squad_rating_log` VALUES ('2_4', '356', '181.18');
INSERT INTO `squad_rating_log` VALUES ('3_6', '357', '-22.50');
INSERT INTO `squad_rating_log` VALUES ('2_4', '357', '149.38');
INSERT INTO `squad_rating_log` VALUES ('3_6', '358', '-5.19');
INSERT INTO `squad_rating_log` VALUES ('4_7', '358', '-86.74');
INSERT INTO `squad_rating_log` VALUES ('3_6', '359', '10.20');
INSERT INTO `squad_rating_log` VALUES ('4_7', '359', '-102.13');
INSERT INTO `squad_rating_log` VALUES ('3_6', '360', '35.51');
INSERT INTO `squad_rating_log` VALUES ('2_7', '360', '79.33');
INSERT INTO `squad_rating_log` VALUES ('3_6', '361', '58.02');
INSERT INTO `squad_rating_log` VALUES ('2_7', '361', '56.82');
INSERT INTO `squad_rating_log` VALUES ('3_6', '362', '83.16');
INSERT INTO `squad_rating_log` VALUES ('2_4', '362', '124.24');
INSERT INTO `squad_rating_log` VALUES ('3_6', '363', '105.51');
INSERT INTO `squad_rating_log` VALUES ('2_4', '363', '101.89');
INSERT INTO `squad_rating_log` VALUES ('3_4', '364', '68.05');
INSERT INTO `squad_rating_log` VALUES ('2_6', '364', '87.18');
INSERT INTO `squad_rating_log` VALUES ('3_4', '365', '89.15');
INSERT INTO `squad_rating_log` VALUES ('2_6', '365', '66.08');
INSERT INTO `squad_rating_log` VALUES ('4_6', '366', '-53.08');
INSERT INTO `squad_rating_log` VALUES ('2_3', '366', '212.57');
INSERT INTO `squad_rating_log` VALUES ('4_6', '367', '-20.20');
INSERT INTO `squad_rating_log` VALUES ('2_3', '367', '179.69');
INSERT INTO `squad_rating_log` VALUES ('1_6', '368', '43.83');
INSERT INTO `squad_rating_log` VALUES ('3_9', '368', '-114.22');
INSERT INTO `squad_rating_log` VALUES ('1_6', '369', '55.31');
INSERT INTO `squad_rating_log` VALUES ('3_9', '369', '-125.70');
INSERT INTO `squad_rating_log` VALUES ('1_6', '370', '77.98');
INSERT INTO `squad_rating_log` VALUES ('2_4', '370', '79.22');
INSERT INTO `squad_rating_log` VALUES ('1_6', '371', '98.05');
INSERT INTO `squad_rating_log` VALUES ('2_4', '371', '59.15');
INSERT INTO `squad_rating_log` VALUES ('3_5', '372', '-26.36');
INSERT INTO `squad_rating_log` VALUES ('2_4', '372', '75.20');
INSERT INTO `squad_rating_log` VALUES ('3_5', '373', '-40.67');
INSERT INTO `squad_rating_log` VALUES ('2_4', '373', '89.51');
INSERT INTO `squad_rating_log` VALUES ('1_5', '374', '-88.10');
INSERT INTO `squad_rating_log` VALUES ('6_7', '374', '18.51');
INSERT INTO `squad_rating_log` VALUES ('1_5', '375', '-102.15');
INSERT INTO `squad_rating_log` VALUES ('6_7', '375', '32.56');
INSERT INTO `squad_rating_log` VALUES ('3_4', '376', '67.29');
INSERT INTO `squad_rating_log` VALUES ('2_7', '376', '78.68');
INSERT INTO `squad_rating_log` VALUES ('3_4', '377', '87.95');
INSERT INTO `squad_rating_log` VALUES ('2_7', '377', '58.02');
INSERT INTO `squad_rating_log` VALUES ('1_4', '378', '41.60');
INSERT INTO `squad_rating_log` VALUES ('2_6', '378', '85.81');
INSERT INTO `squad_rating_log` VALUES ('1_4', '379', '24.13');
INSERT INTO `squad_rating_log` VALUES ('2_6', '379', '103.28');

-- ----------------------------
-- Table structure for squads
-- ----------------------------
DROP TABLE IF EXISTS `squads`;
CREATE TABLE `squads` (
  `id` varchar(5) NOT NULL,
  `p1_id` tinyint(3) unsigned NOT NULL,
  `p2_id` tinyint(3) unsigned NOT NULL,
  `rating` float(6,2) NOT NULL DEFAULT '0.00',
  PRIMARY KEY (`id`),
  KEY `squads_p1` (`p1_id`),
  KEY `squads_p2` (`p2_id`),
  CONSTRAINT `squads_p1` FOREIGN KEY (`p1_id`) REFERENCES `players` (`id`) ON DELETE CASCADE ON UPDATE CASCADE,
  CONSTRAINT `squads_p2` FOREIGN KEY (`p2_id`) REFERENCES `players` (`id`) ON DELETE CASCADE ON UPDATE CASCADE
) ENGINE=InnoDB DEFAULT CHARSET=latin1;

-- ----------------------------
-- Records of squads
-- ----------------------------
INSERT INTO `squads` VALUES ('1_2', '1', '2', '235.09');
INSERT INTO `squads` VALUES ('1_3', '3', '1', '132.66');
INSERT INTO `squads` VALUES ('1_4', '4', '1', '24.13');
INSERT INTO `squads` VALUES ('1_5', '1', '5', '-102.15');
INSERT INTO `squads` VALUES ('1_6', '6', '1', '98.05');
INSERT INTO `squads` VALUES ('1_7', '1', '7', '-16.54');
INSERT INTO `squads` VALUES ('1_9', '1', '9', '-150.66');
INSERT INTO `squads` VALUES ('2_3', '2', '3', '179.69');
INSERT INTO `squads` VALUES ('2_4', '2', '4', '89.51');
INSERT INTO `squads` VALUES ('2_5', '5', '2', '173.79');
INSERT INTO `squads` VALUES ('2_6', '6', '2', '103.28');
INSERT INTO `squads` VALUES ('2_7', '7', '2', '58.02');
INSERT INTO `squads` VALUES ('2_9', '9', '2', '-129.72');
INSERT INTO `squads` VALUES ('3_4', '3', '4', '87.95');
INSERT INTO `squads` VALUES ('3_5', '5', '3', '-40.67');
INSERT INTO `squads` VALUES ('3_6', '6', '3', '105.51');
INSERT INTO `squads` VALUES ('3_7', '7', '3', '-36.46');
INSERT INTO `squads` VALUES ('3_9', '3', '9', '-125.70');
INSERT INTO `squads` VALUES ('4_4', '4', '4', '0.00');
INSERT INTO `squads` VALUES ('4_5', '5', '4', '-78.50');
INSERT INTO `squads` VALUES ('4_6', '6', '4', '-20.20');
INSERT INTO `squads` VALUES ('4_7', '4', '7', '-102.13');
INSERT INTO `squads` VALUES ('4_8', '8', '4', '0.00');
INSERT INTO `squads` VALUES ('4_9', '4', '9', '-172.13');
INSERT INTO `squads` VALUES ('5_6', '6', '5', '-89.90');
INSERT INTO `squads` VALUES ('5_7', '7', '5', '-66.28');
INSERT INTO `squads` VALUES ('5_8', '8', '5', '0.00');
INSERT INTO `squads` VALUES ('5_9', '5', '9', '-115.51');
INSERT INTO `squads` VALUES ('6_6', '6', '6', '0.00');
INSERT INTO `squads` VALUES ('6_7', '7', '6', '32.56');
INSERT INTO `squads` VALUES ('6_8', '6', '8', '0.00');
INSERT INTO `squads` VALUES ('6_9', '9', '6', '-96.66');
INSERT INTO `squads` VALUES ('7_9', '9', '7', '-17.03');
INSERT INTO `squads` VALUES ('8_8', '8', '8', '0.00');
INSERT INTO `squads` VALUES ('8_9', '9', '8', '0.00');
INSERT INTO `squads` VALUES ('9_9', '9', '9', '0.00');

-- ----------------------------
-- Table structure for team_rating_log
-- ----------------------------
DROP TABLE IF EXISTS `team_rating_log`;
CREATE TABLE `team_rating_log` (
  `team_id` int(3) unsigned NOT NULL,
  `match_id` int(3) unsigned NOT NULL,
  `rating` float(6,2) DEFAULT NULL,
  PRIMARY KEY (`team_id`,`match_id`),
  KEY `team_rating_match` (`match_id`),
  CONSTRAINT `team_rating_match` FOREIGN KEY (`match_id`) REFERENCES `matches` (`id`) ON DELETE CASCADE ON UPDATE CASCADE,
  CONSTRAINT `team_rating_team` FOREIGN KEY (`team_id`) REFERENCES `teams` (`id`) ON DELETE CASCADE ON UPDATE CASCADE
) ENGINE=InnoDB DEFAULT CHARSET=utf8;

-- ----------------------------
-- Records of team_rating_log
-- ----------------------------
INSERT INTO `team_rating_log` VALUES ('3', '15', '-18.85');
INSERT INTO `team_rating_log` VALUES ('3', '22', '-37.77');
INSERT INTO `team_rating_log` VALUES ('3', '25', '-55.67');
INSERT INTO `team_rating_log` VALUES ('3', '87', '-72.49');
INSERT INTO `team_rating_log` VALUES ('3', '90', '-49.48');
INSERT INTO `team_rating_log` VALUES ('3', '142', '-62.89');
INSERT INTO `team_rating_log` VALUES ('3', '175', '-39.91');
INSERT INTO `team_rating_log` VALUES ('3', '177', '-12.59');
INSERT INTO `team_rating_log` VALUES ('3', '185', '-20.79');
INSERT INTO `team_rating_log` VALUES ('3', '200', '-34.28');
INSERT INTO `team_rating_log` VALUES ('3', '207', '-46.42');
INSERT INTO `team_rating_log` VALUES ('3', '211', '-25.94');
INSERT INTO `team_rating_log` VALUES ('3', '233', '-0.10');
INSERT INTO `team_rating_log` VALUES ('3', '244', '-17.31');
INSERT INTO `team_rating_log` VALUES ('3', '246', '-32.61');
INSERT INTO `team_rating_log` VALUES ('3', '375', '-49.00');
INSERT INTO `team_rating_log` VALUES ('4', '21', '18.92');
INSERT INTO `team_rating_log` VALUES ('4', '44', '-3.31');
INSERT INTO `team_rating_log` VALUES ('4', '59', '18.03');
INSERT INTO `team_rating_log` VALUES ('4', '63', '-3.09');
INSERT INTO `team_rating_log` VALUES ('4', '133', '-17.63');
INSERT INTO `team_rating_log` VALUES ('4', '134', '-0.17');
INSERT INTO `team_rating_log` VALUES ('4', '152', '18.69');
INSERT INTO `team_rating_log` VALUES ('4', '162', '45.26');
INSERT INTO `team_rating_log` VALUES ('4', '176', '22.11');
INSERT INTO `team_rating_log` VALUES ('4', '192', '44.98');
INSERT INTO `team_rating_log` VALUES ('4', '243', '59.24');
INSERT INTO `team_rating_log` VALUES ('4', '245', '72.04');
INSERT INTO `team_rating_log` VALUES ('4', '253', '90.43');
INSERT INTO `team_rating_log` VALUES ('4', '255', '101.84');
INSERT INTO `team_rating_log` VALUES ('4', '267', '114.44');
INSERT INTO `team_rating_log` VALUES ('4', '275', '129.23');
INSERT INTO `team_rating_log` VALUES ('4', '278', '100.24');
INSERT INTO `team_rating_log` VALUES ('4', '297', '112.77');
INSERT INTO `team_rating_log` VALUES ('4', '307', '124.47');
INSERT INTO `team_rating_log` VALUES ('4', '317', '134.48');
INSERT INTO `team_rating_log` VALUES ('4', '344', '106.07');
INSERT INTO `team_rating_log` VALUES ('4', '347', '120.45');
INSERT INTO `team_rating_log` VALUES ('4', '353', '129.51');
INSERT INTO `team_rating_log` VALUES ('4', '356', '139.61');
INSERT INTO `team_rating_log` VALUES ('4', '363', '115.72');
INSERT INTO `team_rating_log` VALUES ('4', '370', '92.19');
INSERT INTO `team_rating_log` VALUES ('4', '372', '109.20');
INSERT INTO `team_rating_log` VALUES ('5', '3', '-20.00');
INSERT INTO `team_rating_log` VALUES ('5', '18', '1.15');
INSERT INTO `team_rating_log` VALUES ('5', '19', '22.23');
INSERT INTO `team_rating_log` VALUES ('5', '23', '40.95');
INSERT INTO `team_rating_log` VALUES ('5', '29', '58.60');
INSERT INTO `team_rating_log` VALUES ('5', '31', '34.22');
INSERT INTO `team_rating_log` VALUES ('5', '46', '12.19');
INSERT INTO `team_rating_log` VALUES ('5', '48', '32.69');
INSERT INTO `team_rating_log` VALUES ('5', '55', '10.81');
INSERT INTO `team_rating_log` VALUES ('5', '60', '-8.50');
INSERT INTO `team_rating_log` VALUES ('5', '79', '9.82');
INSERT INTO `team_rating_log` VALUES ('5', '89', '29.25');
INSERT INTO `team_rating_log` VALUES ('5', '93', '47.57');
INSERT INTO `team_rating_log` VALUES ('5', '125', '63.50');
INSERT INTO `team_rating_log` VALUES ('5', '137', '48.60');
INSERT INTO `team_rating_log` VALUES ('5', '147', '35.78');
INSERT INTO `team_rating_log` VALUES ('5', '148', '17.09');
INSERT INTO `team_rating_log` VALUES ('5', '151', '6.89');
INSERT INTO `team_rating_log` VALUES ('5', '161', '-2.44');
INSERT INTO `team_rating_log` VALUES ('5', '173', '12.97');
INSERT INTO `team_rating_log` VALUES ('5', '178', '33.77');
INSERT INTO `team_rating_log` VALUES ('5', '180', '12.18');
INSERT INTO `team_rating_log` VALUES ('5', '190', '31.54');
INSERT INTO `team_rating_log` VALUES ('5', '230', '55.63');
INSERT INTO `team_rating_log` VALUES ('5', '232', '46.87');
INSERT INTO `team_rating_log` VALUES ('5', '235', '23.82');
INSERT INTO `team_rating_log` VALUES ('5', '378', '7.95');
INSERT INTO `team_rating_log` VALUES ('6', '3', '20.00');
INSERT INTO `team_rating_log` VALUES ('6', '19', '-1.08');
INSERT INTO `team_rating_log` VALUES ('6', '46', '20.95');
INSERT INTO `team_rating_log` VALUES ('6', '48', '0.45');
INSERT INTO `team_rating_log` VALUES ('6', '64', '20.42');
INSERT INTO `team_rating_log` VALUES ('6', '141', '5.39');
INSERT INTO `team_rating_log` VALUES ('6', '144', '-8.05');
INSERT INTO `team_rating_log` VALUES ('6', '156', '12.24');
INSERT INTO `team_rating_log` VALUES ('6', '166', '-9.10');
INSERT INTO `team_rating_log` VALUES ('6', '168', '12.02');
INSERT INTO `team_rating_log` VALUES ('6', '171', '26.87');
INSERT INTO `team_rating_log` VALUES ('6', '178', '6.07');
INSERT INTO `team_rating_log` VALUES ('6', '180', '27.66');
INSERT INTO `team_rating_log` VALUES ('6', '194', '8.69');
INSERT INTO `team_rating_log` VALUES ('6', '197', '-4.70');
INSERT INTO `team_rating_log` VALUES ('6', '203', '-16.75');
INSERT INTO `team_rating_log` VALUES ('6', '209', '-0.80');
INSERT INTO `team_rating_log` VALUES ('6', '238', '-14.01');
INSERT INTO `team_rating_log` VALUES ('6', '248', '-32.42');
INSERT INTO `team_rating_log` VALUES ('6', '266', '-14.27');
INSERT INTO `team_rating_log` VALUES ('6', '270', '11.14');
INSERT INTO `team_rating_log` VALUES ('6', '272', '27.94');
INSERT INTO `team_rating_log` VALUES ('6', '286', '45.76');
INSERT INTO `team_rating_log` VALUES ('6', '288', '61.96');
INSERT INTO `team_rating_log` VALUES ('6', '320', '75.99');
INSERT INTO `team_rating_log` VALUES ('6', '349', '51.21');
INSERT INTO `team_rating_log` VALUES ('6', '355', '65.26');
INSERT INTO `team_rating_log` VALUES ('7', '4', '20.00');
INSERT INTO `team_rating_log` VALUES ('7', '17', '38.85');
INSERT INTO `team_rating_log` VALUES ('7', '20', '55.49');
INSERT INTO `team_rating_log` VALUES ('7', '24', '32.32');
INSERT INTO `team_rating_log` VALUES ('7', '30', '50.46');
INSERT INTO `team_rating_log` VALUES ('7', '32', '28.89');
INSERT INTO `team_rating_log` VALUES ('7', '47', '5.16');
INSERT INTO `team_rating_log` VALUES ('7', '49', '-15.88');
INSERT INTO `team_rating_log` VALUES ('7', '54', '5.03');
INSERT INTO `team_rating_log` VALUES ('7', '61', '-11.84');
INSERT INTO `team_rating_log` VALUES ('7', '80', '-31.15');
INSERT INTO `team_rating_log` VALUES ('7', '88', '-9.36');
INSERT INTO `team_rating_log` VALUES ('7', '92', '11.18');
INSERT INTO `team_rating_log` VALUES ('7', '124', '25.28');
INSERT INTO `team_rating_log` VALUES ('7', '136', '6.75');
INSERT INTO `team_rating_log` VALUES ('7', '146', '31.06');
INSERT INTO `team_rating_log` VALUES ('7', '149', '19.72');
INSERT INTO `team_rating_log` VALUES ('7', '150', '3.00');
INSERT INTO `team_rating_log` VALUES ('7', '160', '28.12');
INSERT INTO `team_rating_log` VALUES ('7', '172', '45.31');
INSERT INTO `team_rating_log` VALUES ('7', '179', '62.14');
INSERT INTO `team_rating_log` VALUES ('7', '181', '77.12');
INSERT INTO `team_rating_log` VALUES ('7', '191', '49.14');
INSERT INTO `team_rating_log` VALUES ('7', '231', '40.28');
INSERT INTO `team_rating_log` VALUES ('7', '236', '54.27');
INSERT INTO `team_rating_log` VALUES ('7', '379', '30.70');
INSERT INTO `team_rating_log` VALUES ('8', '4', '-20.00');
INSERT INTO `team_rating_log` VALUES ('8', '20', '-36.64');
INSERT INTO `team_rating_log` VALUES ('8', '47', '-12.91');
INSERT INTO `team_rating_log` VALUES ('8', '49', '8.13');
INSERT INTO `team_rating_log` VALUES ('8', '65', '-12.34');
INSERT INTO `team_rating_log` VALUES ('8', '140', '-30.86');
INSERT INTO `team_rating_log` VALUES ('8', '145', '-47.29');
INSERT INTO `team_rating_log` VALUES ('8', '157', '-26.54');
INSERT INTO `team_rating_log` VALUES ('8', '167', '-48.37');
INSERT INTO `team_rating_log` VALUES ('8', '169', '-27.69');
INSERT INTO `team_rating_log` VALUES ('8', '170', '-10.15');
INSERT INTO `team_rating_log` VALUES ('8', '179', '-26.98');
INSERT INTO `team_rating_log` VALUES ('8', '181', '-41.96');
INSERT INTO `team_rating_log` VALUES ('8', '195', '-13.89');
INSERT INTO `team_rating_log` VALUES ('8', '196', '9.71');
INSERT INTO `team_rating_log` VALUES ('8', '202', '30.63');
INSERT INTO `team_rating_log` VALUES ('8', '208', '43.73');
INSERT INTO `team_rating_log` VALUES ('8', '237', '63.11');
INSERT INTO `team_rating_log` VALUES ('8', '247', '47.21');
INSERT INTO `team_rating_log` VALUES ('8', '265', '60.62');
INSERT INTO `team_rating_log` VALUES ('8', '269', '77.99');
INSERT INTO `team_rating_log` VALUES ('8', '271', '89.93');
INSERT INTO `team_rating_log` VALUES ('8', '285', '102.30');
INSERT INTO `team_rating_log` VALUES ('8', '287', '115.38');
INSERT INTO `team_rating_log` VALUES ('8', '319', '130.21');
INSERT INTO `team_rating_log` VALUES ('8', '329', '140.30');
INSERT INTO `team_rating_log` VALUES ('8', '348', '152.40');
INSERT INTO `team_rating_log` VALUES ('8', '354', '162.60');
INSERT INTO `team_rating_log` VALUES ('9', '5', '20.00');
INSERT INTO `team_rating_log` VALUES ('9', '82', '39.81');
INSERT INTO `team_rating_log` VALUES ('9', '368', '53.66');
INSERT INTO `team_rating_log` VALUES ('9', '370', '77.19');
INSERT INTO `team_rating_log` VALUES ('10', '5', '-20.00');
INSERT INTO `team_rating_log` VALUES ('10', '153', '-33.14');
INSERT INTO `team_rating_log` VALUES ('10', '155', '-13.19');
INSERT INTO `team_rating_log` VALUES ('10', '225', '-25.65');
INSERT INTO `team_rating_log` VALUES ('10', '256', '-38.99');
INSERT INTO `team_rating_log` VALUES ('10', '278', '-10.00');
INSERT INTO `team_rating_log` VALUES ('10', '286', '-27.82');
INSERT INTO `team_rating_log` VALUES ('10', '290', '-8.31');
INSERT INTO `team_rating_log` VALUES ('10', '308', '-21.44');
INSERT INTO `team_rating_log` VALUES ('11', '6', '20.00');
INSERT INTO `team_rating_log` VALUES ('11', '81', '-4.46');
INSERT INTO `team_rating_log` VALUES ('11', '369', '11.91');
INSERT INTO `team_rating_log` VALUES ('11', '371', '35.98');
INSERT INTO `team_rating_log` VALUES ('12', '6', '-20.00');
INSERT INTO `team_rating_log` VALUES ('12', '152', '-38.86');
INSERT INTO `team_rating_log` VALUES ('12', '154', '-59.09');
INSERT INTO `team_rating_log` VALUES ('12', '224', '-69.21');
INSERT INTO `team_rating_log` VALUES ('12', '255', '-80.62');
INSERT INTO `team_rating_log` VALUES ('12', '277', '-49.70');
INSERT INTO `team_rating_log` VALUES ('12', '285', '-62.07');
INSERT INTO `team_rating_log` VALUES ('12', '289', '-40.64');
INSERT INTO `team_rating_log` VALUES ('12', '307', '-52.34');
INSERT INTO `team_rating_log` VALUES ('13', '7', '-20.00');
INSERT INTO `team_rating_log` VALUES ('13', '300', '4.06');
INSERT INTO `team_rating_log` VALUES ('13', '302', '-20.53');
INSERT INTO `team_rating_log` VALUES ('13', '310', '-39.50');
INSERT INTO `team_rating_log` VALUES ('13', '315', '-20.18');
INSERT INTO `team_rating_log` VALUES ('13', '331', '-3.38');
INSERT INTO `team_rating_log` VALUES ('13', '339', '10.24');
INSERT INTO `team_rating_log` VALUES ('13', '365', '-8.43');
INSERT INTO `team_rating_log` VALUES ('13', '379', '15.14');
INSERT INTO `team_rating_log` VALUES ('14', '7', '20.00');
INSERT INTO `team_rating_log` VALUES ('14', '9', '-1.15');
INSERT INTO `team_rating_log` VALUES ('14', '25', '16.75');
INSERT INTO `team_rating_log` VALUES ('14', '82', '-3.06');
INSERT INTO `team_rating_log` VALUES ('14', '156', '-23.35');
INSERT INTO `team_rating_log` VALUES ('14', '260', '-44.94');
INSERT INTO `team_rating_log` VALUES ('14', '272', '-61.74');
INSERT INTO `team_rating_log` VALUES ('14', '279', '-77.16');
INSERT INTO `team_rating_log` VALUES ('14', '302', '-52.57');
INSERT INTO `team_rating_log` VALUES ('14', '304', '-31.02');
INSERT INTO `team_rating_log` VALUES ('14', '342', '-10.73');
INSERT INTO `team_rating_log` VALUES ('14', '359', '-28.07');
INSERT INTO `team_rating_log` VALUES ('15', '8', '20.00');
INSERT INTO `team_rating_log` VALUES ('15', '299', '38.44');
INSERT INTO `team_rating_log` VALUES ('15', '301', '50.85');
INSERT INTO `team_rating_log` VALUES ('15', '309', '31.18');
INSERT INTO `team_rating_log` VALUES ('15', '316', '46.43');
INSERT INTO `team_rating_log` VALUES ('15', '330', '63.72');
INSERT INTO `team_rating_log` VALUES ('15', '338', '75.89');
INSERT INTO `team_rating_log` VALUES ('15', '364', '96.70');
INSERT INTO `team_rating_log` VALUES ('15', '378', '112.57');
INSERT INTO `team_rating_log` VALUES ('16', '8', '-20.00');
INSERT INTO `team_rating_log` VALUES ('16', '10', '-38.85');
INSERT INTO `team_rating_log` VALUES ('16', '26', '-58.79');
INSERT INTO `team_rating_log` VALUES ('16', '81', '-34.33');
INSERT INTO `team_rating_log` VALUES ('16', '157', '-55.08');
INSERT INTO `team_rating_log` VALUES ('16', '259', '-70.52');
INSERT INTO `team_rating_log` VALUES ('16', '271', '-82.46');
INSERT INTO `team_rating_log` VALUES ('16', '280', '-100.32');
INSERT INTO `team_rating_log` VALUES ('16', '301', '-112.73');
INSERT INTO `team_rating_log` VALUES ('16', '303', '-125.07');
INSERT INTO `team_rating_log` VALUES ('16', '343', '-99.48');
INSERT INTO `team_rating_log` VALUES ('16', '358', '-117.74');
INSERT INTO `team_rating_log` VALUES ('17', '9', '21.15');
INSERT INTO `team_rating_log` VALUES ('17', '41', '2.17');
INSERT INTO `team_rating_log` VALUES ('17', '56', '26.28');
INSERT INTO `team_rating_log` VALUES ('17', '96', '3.58');
INSERT INTO `team_rating_log` VALUES ('17', '102', '23.48');
INSERT INTO `team_rating_log` VALUES ('17', '108', '41.10');
INSERT INTO `team_rating_log` VALUES ('17', '114', '56.80');
INSERT INTO `team_rating_log` VALUES ('17', '121', '30.82');
INSERT INTO `team_rating_log` VALUES ('17', '131', '47.66');
INSERT INTO `team_rating_log` VALUES ('17', '139', '66.04');
INSERT INTO `team_rating_log` VALUES ('17', '165', '47.30');
INSERT INTO `team_rating_log` VALUES ('17', '183', '60.63');
INSERT INTO `team_rating_log` VALUES ('17', '188', '73.64');
INSERT INTO `team_rating_log` VALUES ('17', '199', '87.24');
INSERT INTO `team_rating_log` VALUES ('17', '205', '99.47');
INSERT INTO `team_rating_log` VALUES ('17', '212', '112.85');
INSERT INTO `team_rating_log` VALUES ('17', '217', '124.52');
INSERT INTO `team_rating_log` VALUES ('17', '225', '136.98');
INSERT INTO `team_rating_log` VALUES ('17', '239', '153.64');
INSERT INTO `team_rating_log` VALUES ('17', '241', '160.94');
INSERT INTO `team_rating_log` VALUES ('18', '10', '18.85');
INSERT INTO `team_rating_log` VALUES ('18', '42', '40.00');
INSERT INTO `team_rating_log` VALUES ('18', '43', '18.72');
INSERT INTO `team_rating_log` VALUES ('18', '57', '0.90');
INSERT INTO `team_rating_log` VALUES ('18', '97', '22.11');
INSERT INTO `team_rating_log` VALUES ('18', '103', '40.88');
INSERT INTO `team_rating_log` VALUES ('18', '109', '57.52');
INSERT INTO `team_rating_log` VALUES ('18', '115', '72.28');
INSERT INTO `team_rating_log` VALUES ('18', '120', '45.49');
INSERT INTO `team_rating_log` VALUES ('18', '130', '61.56');
INSERT INTO `team_rating_log` VALUES ('18', '138', '75.04');
INSERT INTO `team_rating_log` VALUES ('18', '164', '94.46');
INSERT INTO `team_rating_log` VALUES ('18', '182', '106.71');
INSERT INTO `team_rating_log` VALUES ('18', '189', '116.15');
INSERT INTO `team_rating_log` VALUES ('18', '198', '88.77');
INSERT INTO `team_rating_log` VALUES ('18', '204', '104.26');
INSERT INTO `team_rating_log` VALUES ('18', '213', '117.40');
INSERT INTO `team_rating_log` VALUES ('18', '216', '128.92');
INSERT INTO `team_rating_log` VALUES ('18', '224', '139.04');
INSERT INTO `team_rating_log` VALUES ('18', '240', '154.17');
INSERT INTO `team_rating_log` VALUES ('18', '242', '162.45');
INSERT INTO `team_rating_log` VALUES ('19', '11', '-20.00');
INSERT INTO `team_rating_log` VALUES ('19', '35', '2.29');
INSERT INTO `team_rating_log` VALUES ('19', '39', '-17.68');
INSERT INTO `team_rating_log` VALUES ('19', '84', '-39.89');
INSERT INTO `team_rating_log` VALUES ('19', '220', '-51.19');
INSERT INTO `team_rating_log` VALUES ('19', '226', '-21.46');
INSERT INTO `team_rating_log` VALUES ('20', '11', '20.00');
INSERT INTO `team_rating_log` VALUES ('20', '15', '38.85');
INSERT INTO `team_rating_log` VALUES ('20', '41', '57.83');
INSERT INTO `team_rating_log` VALUES ('20', '52', '74.53');
INSERT INTO `team_rating_log` VALUES ('20', '56', '50.42');
INSERT INTO `team_rating_log` VALUES ('20', '128', '64.93');
INSERT INTO `team_rating_log` VALUES ('20', '164', '45.51');
INSERT INTO `team_rating_log` VALUES ('20', '194', '64.48');
INSERT INTO `team_rating_log` VALUES ('20', '234', '78.45');
INSERT INTO `team_rating_log` VALUES ('20', '239', '61.79');
INSERT INTO `team_rating_log` VALUES ('20', '257', '82.08');
INSERT INTO `team_rating_log` VALUES ('20', '270', '56.67');
INSERT INTO `team_rating_log` VALUES ('20', '309', '76.34');
INSERT INTO `team_rating_log` VALUES ('20', '321', '89.90');
INSERT INTO `team_rating_log` VALUES ('20', '364', '69.09');
INSERT INTO `team_rating_log` VALUES ('20', '376', '45.32');
INSERT INTO `team_rating_log` VALUES ('21', '12', '-20.00');
INSERT INTO `team_rating_log` VALUES ('21', '36', '0.00');
INSERT INTO `team_rating_log` VALUES ('21', '40', '-17.58');
INSERT INTO `team_rating_log` VALUES ('21', '85', '2.10');
INSERT INTO `team_rating_log` VALUES ('21', '221', '-5.54');
INSERT INTO `team_rating_log` VALUES ('21', '227', '-12.65');
INSERT INTO `team_rating_log` VALUES ('22', '12', '20.00');
INSERT INTO `team_rating_log` VALUES ('22', '16', '38.85');
INSERT INTO `team_rating_log` VALUES ('22', '42', '17.70');
INSERT INTO `team_rating_log` VALUES ('22', '43', '38.98');
INSERT INTO `team_rating_log` VALUES ('22', '53', '56.75');
INSERT INTO `team_rating_log` VALUES ('22', '57', '74.57');
INSERT INTO `team_rating_log` VALUES ('22', '129', '87.93');
INSERT INTO `team_rating_log` VALUES ('22', '165', '106.67');
INSERT INTO `team_rating_log` VALUES ('22', '195', '78.60');
INSERT INTO `team_rating_log` VALUES ('22', '233', '52.76');
INSERT INTO `team_rating_log` VALUES ('22', '240', '37.63');
INSERT INTO `team_rating_log` VALUES ('22', '258', '14.72');
INSERT INTO `team_rating_log` VALUES ('22', '269', '-2.65');
INSERT INTO `team_rating_log` VALUES ('22', '310', '16.32');
INSERT INTO `team_rating_log` VALUES ('22', '322', '33.42');
INSERT INTO `team_rating_log` VALUES ('22', '365', '52.09');
INSERT INTO `team_rating_log` VALUES ('22', '377', '73.67');
INSERT INTO `team_rating_log` VALUES ('23', '13', '-20.00');
INSERT INTO `team_rating_log` VALUES ('23', '44', '2.23');
INSERT INTO `team_rating_log` VALUES ('23', '50', '22.10');
INSERT INTO `team_rating_log` VALUES ('23', '58', '3.07');
INSERT INTO `team_rating_log` VALUES ('23', '62', '-13.79');
INSERT INTO `team_rating_log` VALUES ('23', '99', '8.22');
INSERT INTO `team_rating_log` VALUES ('23', '104', '27.71');
INSERT INTO `team_rating_log` VALUES ('23', '110', '43.08');
INSERT INTO `team_rating_log` VALUES ('23', '116', '56.81');
INSERT INTO `team_rating_log` VALUES ('23', '123', '30.84');
INSERT INTO `team_rating_log` VALUES ('23', '132', '13.36');
INSERT INTO `team_rating_log` VALUES ('23', '140', '31.88');
INSERT INTO `team_rating_log` VALUES ('23', '145', '48.31');
INSERT INTO `team_rating_log` VALUES ('23', '163', '72.23');
INSERT INTO `team_rating_log` VALUES ('23', '192', '49.36');
INSERT INTO `team_rating_log` VALUES ('23', '196', '25.76');
INSERT INTO `team_rating_log` VALUES ('23', '202', '4.84');
INSERT INTO `team_rating_log` VALUES ('23', '214', '20.35');
INSERT INTO `team_rating_log` VALUES ('23', '218', '34.20');
INSERT INTO `team_rating_log` VALUES ('23', '223', '13.38');
INSERT INTO `team_rating_log` VALUES ('23', '229', '32.98');
INSERT INTO `team_rating_log` VALUES ('23', '237', '13.60');
INSERT INTO `team_rating_log` VALUES ('23', '248', '32.01');
INSERT INTO `team_rating_log` VALUES ('24', '13', '20.00');
INSERT INTO `team_rating_log` VALUES ('24', '35', '-2.29');
INSERT INTO `team_rating_log` VALUES ('24', '37', '-23.20');
INSERT INTO `team_rating_log` VALUES ('24', '85', '-42.88');
INSERT INTO `team_rating_log` VALUES ('24', '154', '-22.65');
INSERT INTO `team_rating_log` VALUES ('24', '158', '-47.50');
INSERT INTO `team_rating_log` VALUES ('24', '182', '-59.75');
INSERT INTO `team_rating_log` VALUES ('24', '187', '-66.06');
INSERT INTO `team_rating_log` VALUES ('24', '188', '-79.07');
INSERT INTO `team_rating_log` VALUES ('24', '242', '-87.35');
INSERT INTO `team_rating_log` VALUES ('24', '264', '-105.89');
INSERT INTO `team_rating_log` VALUES ('24', '296', '-121.07');
INSERT INTO `team_rating_log` VALUES ('24', '313', '-135.41');
INSERT INTO `team_rating_log` VALUES ('24', '327', '-105.62');
INSERT INTO `team_rating_log` VALUES ('24', '337', '-79.72');
INSERT INTO `team_rating_log` VALUES ('24', '351', '-94.34');
INSERT INTO `team_rating_log` VALUES ('25', '14', '20.00');
INSERT INTO `team_rating_log` VALUES ('25', '45', '-0.06');
INSERT INTO `team_rating_log` VALUES ('25', '51', '19.94');
INSERT INTO `team_rating_log` VALUES ('25', '59', '-1.40');
INSERT INTO `team_rating_log` VALUES ('25', '63', '19.72');
INSERT INTO `team_rating_log` VALUES ('25', '98', '37.39');
INSERT INTO `team_rating_log` VALUES ('25', '105', '53.09');
INSERT INTO `team_rating_log` VALUES ('25', '111', '68.93');
INSERT INTO `team_rating_log` VALUES ('25', '117', '83.06');
INSERT INTO `team_rating_log` VALUES ('25', '122', '94.15');
INSERT INTO `team_rating_log` VALUES ('25', '133', '108.69');
INSERT INTO `team_rating_log` VALUES ('25', '141', '123.72');
INSERT INTO `team_rating_log` VALUES ('25', '144', '137.16');
INSERT INTO `team_rating_log` VALUES ('25', '162', '110.59');
INSERT INTO `team_rating_log` VALUES ('25', '193', '128.04');
INSERT INTO `team_rating_log` VALUES ('25', '197', '141.43');
INSERT INTO `team_rating_log` VALUES ('25', '203', '153.48');
INSERT INTO `team_rating_log` VALUES ('25', '215', '122.59');
INSERT INTO `team_rating_log` VALUES ('25', '219', '134.44');
INSERT INTO `team_rating_log` VALUES ('25', '222', '148.08');
INSERT INTO `team_rating_log` VALUES ('25', '228', '122.09');
INSERT INTO `team_rating_log` VALUES ('25', '238', '135.30');
INSERT INTO `team_rating_log` VALUES ('25', '247', '151.20');
INSERT INTO `team_rating_log` VALUES ('26', '14', '-20.00');
INSERT INTO `team_rating_log` VALUES ('26', '36', '-40.00');
INSERT INTO `team_rating_log` VALUES ('26', '38', '-56.24');
INSERT INTO `team_rating_log` VALUES ('26', '84', '-34.03');
INSERT INTO `team_rating_log` VALUES ('26', '155', '-53.98');
INSERT INTO `team_rating_log` VALUES ('26', '159', '-73.18');
INSERT INTO `team_rating_log` VALUES ('26', '183', '-86.51');
INSERT INTO `team_rating_log` VALUES ('26', '186', '-97.34');
INSERT INTO `team_rating_log` VALUES ('26', '189', '-106.78');
INSERT INTO `team_rating_log` VALUES ('26', '241', '-114.08');
INSERT INTO `team_rating_log` VALUES ('26', '263', '-94.26');
INSERT INTO `team_rating_log` VALUES ('26', '295', '-109.96');
INSERT INTO `team_rating_log` VALUES ('26', '314', '-82.79');
INSERT INTO `team_rating_log` VALUES ('26', '328', '-93.24');
INSERT INTO `team_rating_log` VALUES ('26', '336', '-68.00');
INSERT INTO `team_rating_log` VALUES ('26', '350', '-45.08');
INSERT INTO `team_rating_log` VALUES ('27', '16', '-18.85');
INSERT INTO `team_rating_log` VALUES ('27', '21', '-37.77');
INSERT INTO `team_rating_log` VALUES ('27', '26', '-17.83');
INSERT INTO `team_rating_log` VALUES ('27', '86', '3.20');
INSERT INTO `team_rating_log` VALUES ('27', '91', '-18.13');
INSERT INTO `team_rating_log` VALUES ('27', '143', '-28.29');
INSERT INTO `team_rating_log` VALUES ('27', '174', '-9.96');
INSERT INTO `team_rating_log` VALUES ('27', '176', '13.19');
INSERT INTO `team_rating_log` VALUES ('27', '184', '-3.63');
INSERT INTO `team_rating_log` VALUES ('27', '201', '-11.62');
INSERT INTO `team_rating_log` VALUES ('27', '206', '-19.04');
INSERT INTO `team_rating_log` VALUES ('27', '210', '-43.57');
INSERT INTO `team_rating_log` VALUES ('27', '234', '-57.54');
INSERT INTO `team_rating_log` VALUES ('27', '243', '-71.80');
INSERT INTO `team_rating_log` VALUES ('27', '245', '-84.60');
INSERT INTO `team_rating_log` VALUES ('27', '374', '-102.03');
INSERT INTO `team_rating_log` VALUES ('28', '17', '-18.85');
INSERT INTO `team_rating_log` VALUES ('28', '70', '-37.77');
INSERT INTO `team_rating_log` VALUES ('28', '79', '-56.09');
INSERT INTO `team_rating_log` VALUES ('28', '138', '-69.57');
INSERT INTO `team_rating_log` VALUES ('28', '191', '-41.59');
INSERT INTO `team_rating_log` VALUES ('28', '199', '-55.19');
INSERT INTO `team_rating_log` VALUES ('28', '205', '-67.42');
INSERT INTO `team_rating_log` VALUES ('28', '236', '-81.41');
INSERT INTO `team_rating_log` VALUES ('28', '250', '-59.01');
INSERT INTO `team_rating_log` VALUES ('28', '252', '-37.56');
INSERT INTO `team_rating_log` VALUES ('28', '254', '-50.98');
INSERT INTO `team_rating_log` VALUES ('28', '260', '-29.39');
INSERT INTO `team_rating_log` VALUES ('28', '274', '-45.09');
INSERT INTO `team_rating_log` VALUES ('28', '280', '-27.23');
INSERT INTO `team_rating_log` VALUES ('28', '281', '-2.19');
INSERT INTO `team_rating_log` VALUES ('28', '284', '10.41');
INSERT INTO `team_rating_log` VALUES ('28', '292', '-7.23');
INSERT INTO `team_rating_log` VALUES ('28', '299', '-25.67');
INSERT INTO `team_rating_log` VALUES ('28', '304', '-47.22');
INSERT INTO `team_rating_log` VALUES ('28', '373', '-61.26');
INSERT INTO `team_rating_log` VALUES ('29', '18', '-21.15');
INSERT INTO `team_rating_log` VALUES ('29', '78', '0.07');
INSERT INTO `team_rating_log` VALUES ('29', '80', '19.38');
INSERT INTO `team_rating_log` VALUES ('29', '139', '1.00');
INSERT INTO `team_rating_log` VALUES ('29', '190', '-18.36');
INSERT INTO `team_rating_log` VALUES ('29', '198', '9.02');
INSERT INTO `team_rating_log` VALUES ('29', '204', '-6.47');
INSERT INTO `team_rating_log` VALUES ('29', '235', '16.58');
INSERT INTO `team_rating_log` VALUES ('29', '249', '29.91');
INSERT INTO `team_rating_log` VALUES ('29', '251', '44.01');
INSERT INTO `team_rating_log` VALUES ('29', '253', '25.62');
INSERT INTO `team_rating_log` VALUES ('29', '259', '41.06');
INSERT INTO `team_rating_log` VALUES ('29', '273', '19.26');
INSERT INTO `team_rating_log` VALUES ('29', '279', '34.68');
INSERT INTO `team_rating_log` VALUES ('29', '282', '14.50');
INSERT INTO `team_rating_log` VALUES ('29', '283', '31.20');
INSERT INTO `team_rating_log` VALUES ('29', '291', '51.54');
INSERT INTO `team_rating_log` VALUES ('29', '300', '27.48');
INSERT INTO `team_rating_log` VALUES ('29', '303', '39.82');
INSERT INTO `team_rating_log` VALUES ('29', '372', '22.81');
INSERT INTO `team_rating_log` VALUES ('30', '22', '18.92');
INSERT INTO `team_rating_log` VALUES ('30', '45', '38.98');
INSERT INTO `team_rating_log` VALUES ('30', '58', '58.01');
INSERT INTO `team_rating_log` VALUES ('30', '62', '74.87');
INSERT INTO `team_rating_log` VALUES ('30', '132', '92.35');
INSERT INTO `team_rating_log` VALUES ('30', '135', '104.16');
INSERT INTO `team_rating_log` VALUES ('30', '153', '117.30');
INSERT INTO `team_rating_log` VALUES ('30', '163', '93.38');
INSERT INTO `team_rating_log` VALUES ('30', '177', '66.06');
INSERT INTO `team_rating_log` VALUES ('30', '193', '48.61');
INSERT INTO `team_rating_log` VALUES ('30', '244', '65.82');
INSERT INTO `team_rating_log` VALUES ('30', '246', '81.12');
INSERT INTO `team_rating_log` VALUES ('30', '254', '94.54');
INSERT INTO `team_rating_log` VALUES ('30', '256', '107.88');
INSERT INTO `team_rating_log` VALUES ('30', '268', '120.17');
INSERT INTO `team_rating_log` VALUES ('30', '276', '132.32');
INSERT INTO `team_rating_log` VALUES ('30', '277', '101.40');
INSERT INTO `team_rating_log` VALUES ('30', '298', '116.10');
INSERT INTO `team_rating_log` VALUES ('30', '308', '129.23');
INSERT INTO `team_rating_log` VALUES ('30', '318', '142.76');
INSERT INTO `team_rating_log` VALUES ('30', '345', '155.92');
INSERT INTO `team_rating_log` VALUES ('30', '346', '167.85');
INSERT INTO `team_rating_log` VALUES ('30', '352', '138.06');
INSERT INTO `team_rating_log` VALUES ('30', '357', '110.94');
INSERT INTO `team_rating_log` VALUES ('30', '362', '83.62');
INSERT INTO `team_rating_log` VALUES ('30', '371', '59.55');
INSERT INTO `team_rating_log` VALUES ('30', '373', '73.59');
INSERT INTO `team_rating_log` VALUES ('31', '23', '-18.72');
INSERT INTO `team_rating_log` VALUES ('31', '31', '5.66');
INSERT INTO `team_rating_log` VALUES ('31', '33', '-15.68');
INSERT INTO `team_rating_log` VALUES ('31', '67', '5.22');
INSERT INTO `team_rating_log` VALUES ('31', '261', '21.78');
INSERT INTO `team_rating_log` VALUES ('31', '275', '6.99');
INSERT INTO `team_rating_log` VALUES ('31', '298', '-7.71');
INSERT INTO `team_rating_log` VALUES ('31', '305', '12.58');
INSERT INTO `team_rating_log` VALUES ('31', '318', '-0.95');
INSERT INTO `team_rating_log` VALUES ('31', '330', '-18.24');
INSERT INTO `team_rating_log` VALUES ('31', '352', '11.55');
INSERT INTO `team_rating_log` VALUES ('38', '24', '23.17');
INSERT INTO `team_rating_log` VALUES ('38', '32', '44.74');
INSERT INTO `team_rating_log` VALUES ('38', '34', '22.39');
INSERT INTO `team_rating_log` VALUES ('38', '66', '1.10');
INSERT INTO `team_rating_log` VALUES ('38', '262', '-24.01');
INSERT INTO `team_rating_log` VALUES ('38', '276', '-36.16');
INSERT INTO `team_rating_log` VALUES ('38', '297', '-48.69');
INSERT INTO `team_rating_log` VALUES ('38', '306', '-66.21');
INSERT INTO `team_rating_log` VALUES ('38', '317', '-76.22');
INSERT INTO `team_rating_log` VALUES ('38', '331', '-93.02');
INSERT INTO `team_rating_log` VALUES ('38', '353', '-102.08');
INSERT INTO `team_rating_log` VALUES ('39', '29', '-17.65');
INSERT INTO `team_rating_log` VALUES ('39', '33', '3.69');
INSERT INTO `team_rating_log` VALUES ('39', '34', '26.04');
INSERT INTO `team_rating_log` VALUES ('39', '38', '42.28');
INSERT INTO `team_rating_log` VALUES ('39', '40', '59.86');
INSERT INTO `team_rating_log` VALUES ('39', '61', '76.73');
INSERT INTO `team_rating_log` VALUES ('39', '95', '91.42');
INSERT INTO `team_rating_log` VALUES ('39', '101', '104.58');
INSERT INTO `team_rating_log` VALUES ('39', '106', '118.31');
INSERT INTO `team_rating_log` VALUES ('39', '112', '130.65');
INSERT INTO `team_rating_log` VALUES ('39', '119', '141.81');
INSERT INTO `team_rating_log` VALUES ('39', '127', '154.14');
INSERT INTO `team_rating_log` VALUES ('39', '137', '169.04');
INSERT INTO `team_rating_log` VALUES ('39', '143', '179.20');
INSERT INTO `team_rating_log` VALUES ('39', '147', '192.02');
INSERT INTO `team_rating_log` VALUES ('39', '149', '203.36');
INSERT INTO `team_rating_log` VALUES ('39', '151', '213.56');
INSERT INTO `team_rating_log` VALUES ('39', '161', '222.89');
INSERT INTO `team_rating_log` VALUES ('39', '185', '231.09');
INSERT INTO `team_rating_log` VALUES ('39', '187', '237.40');
INSERT INTO `team_rating_log` VALUES ('39', '201', '245.39');
INSERT INTO `team_rating_log` VALUES ('39', '206', '252.81');
INSERT INTO `team_rating_log` VALUES ('39', '221', '260.45');
INSERT INTO `team_rating_log` VALUES ('39', '227', '267.56');
INSERT INTO `team_rating_log` VALUES ('39', '231', '276.42');
INSERT INTO `team_rating_log` VALUES ('39', '232', '285.18');
INSERT INTO `team_rating_log` VALUES ('39', '367', '249.78');
INSERT INTO `team_rating_log` VALUES ('40', '30', '-18.14');
INSERT INTO `team_rating_log` VALUES ('40', '37', '2.77');
INSERT INTO `team_rating_log` VALUES ('40', '39', '22.74');
INSERT INTO `team_rating_log` VALUES ('40', '60', '42.05');
INSERT INTO `team_rating_log` VALUES ('40', '94', '58.70');
INSERT INTO `team_rating_log` VALUES ('40', '100', '33.52');
INSERT INTO `team_rating_log` VALUES ('40', '107', '49.04');
INSERT INTO `team_rating_log` VALUES ('40', '113', '62.90');
INSERT INTO `team_rating_log` VALUES ('40', '118', '35.35');
INSERT INTO `team_rating_log` VALUES ('40', '126', '50.92');
INSERT INTO `team_rating_log` VALUES ('40', '136', '69.45');
INSERT INTO `team_rating_log` VALUES ('40', '142', '82.86');
INSERT INTO `team_rating_log` VALUES ('40', '146', '58.55');
INSERT INTO `team_rating_log` VALUES ('40', '148', '77.24');
INSERT INTO `team_rating_log` VALUES ('40', '150', '93.96');
INSERT INTO `team_rating_log` VALUES ('40', '160', '68.84');
INSERT INTO `team_rating_log` VALUES ('40', '184', '85.66');
INSERT INTO `team_rating_log` VALUES ('40', '186', '96.49');
INSERT INTO `team_rating_log` VALUES ('40', '200', '109.98');
INSERT INTO `team_rating_log` VALUES ('40', '207', '122.12');
INSERT INTO `team_rating_log` VALUES ('40', '220', '133.42');
INSERT INTO `team_rating_log` VALUES ('40', '226', '103.69');
INSERT INTO `team_rating_log` VALUES ('40', '230', '79.60');
INSERT INTO `team_rating_log` VALUES ('40', '366', '52.77');
INSERT INTO `team_rating_log` VALUES ('41', '50', '-19.87');
INSERT INTO `team_rating_log` VALUES ('41', '90', '-42.88');
INSERT INTO `team_rating_log` VALUES ('41', '126', '-58.45');
INSERT INTO `team_rating_log` VALUES ('41', '167', '-36.62');
INSERT INTO `team_rating_log` VALUES ('41', '169', '-57.30');
INSERT INTO `team_rating_log` VALUES ('41', '174', '-75.63');
INSERT INTO `team_rating_log` VALUES ('41', '251', '-89.73');
INSERT INTO `team_rating_log` VALUES ('41', '262', '-64.62');
INSERT INTO `team_rating_log` VALUES ('41', '266', '-82.77');
INSERT INTO `team_rating_log` VALUES ('41', '323', '-101.07');
INSERT INTO `team_rating_log` VALUES ('41', '332', '-118.20');
INSERT INTO `team_rating_log` VALUES ('41', '339', '-131.82');
INSERT INTO `team_rating_log` VALUES ('42', '51', '-20.00');
INSERT INTO `team_rating_log` VALUES ('42', '91', '1.33');
INSERT INTO `team_rating_log` VALUES ('42', '127', '-11.00');
INSERT INTO `team_rating_log` VALUES ('42', '166', '10.34');
INSERT INTO `team_rating_log` VALUES ('42', '168', '-10.78');
INSERT INTO `team_rating_log` VALUES ('42', '175', '-33.76');
INSERT INTO `team_rating_log` VALUES ('42', '252', '-55.21');
INSERT INTO `team_rating_log` VALUES ('42', '261', '-71.77');
INSERT INTO `team_rating_log` VALUES ('42', '265', '-85.18');
INSERT INTO `team_rating_log` VALUES ('42', '324', '-103.25');
INSERT INTO `team_rating_log` VALUES ('42', '333', '-80.04');
INSERT INTO `team_rating_log` VALUES ('42', '338', '-92.21');
INSERT INTO `team_rating_log` VALUES ('43', '52', '-16.70');
INSERT INTO `team_rating_log` VALUES ('43', '94', '-33.35');
INSERT INTO `team_rating_log` VALUES ('43', '100', '-8.17');
INSERT INTO `team_rating_log` VALUES ('43', '106', '-21.90');
INSERT INTO `team_rating_log` VALUES ('43', '112', '-34.24');
INSERT INTO `team_rating_log` VALUES ('43', '119', '-45.40');
INSERT INTO `team_rating_log` VALUES ('43', '129', '-58.76');
INSERT INTO `team_rating_log` VALUES ('43', '135', '-70.57');
INSERT INTO `team_rating_log` VALUES ('43', '170', '-88.11');
INSERT INTO `team_rating_log` VALUES ('43', '209', '-104.06');
INSERT INTO `team_rating_log` VALUES ('44', '53', '-17.77');
INSERT INTO `team_rating_log` VALUES ('44', '95', '-32.46');
INSERT INTO `team_rating_log` VALUES ('44', '101', '-45.62');
INSERT INTO `team_rating_log` VALUES ('44', '107', '-61.14');
INSERT INTO `team_rating_log` VALUES ('44', '113', '-75.00');
INSERT INTO `team_rating_log` VALUES ('44', '118', '-47.45');
INSERT INTO `team_rating_log` VALUES ('44', '128', '-61.96');
INSERT INTO `team_rating_log` VALUES ('44', '134', '-79.42');
INSERT INTO `team_rating_log` VALUES ('44', '171', '-94.27');
INSERT INTO `team_rating_log` VALUES ('44', '208', '-107.37');
INSERT INTO `team_rating_log` VALUES ('45', '54', '-20.91');
INSERT INTO `team_rating_log` VALUES ('45', '96', '1.79');
INSERT INTO `team_rating_log` VALUES ('45', '102', '-18.11');
INSERT INTO `team_rating_log` VALUES ('45', '108', '-35.73');
INSERT INTO `team_rating_log` VALUES ('45', '115', '-50.49');
INSERT INTO `team_rating_log` VALUES ('45', '120', '-23.70');
INSERT INTO `team_rating_log` VALUES ('45', '130', '-39.77');
INSERT INTO `team_rating_log` VALUES ('45', '216', '-51.29');
INSERT INTO `team_rating_log` VALUES ('45', '315', '-70.61');
INSERT INTO `team_rating_log` VALUES ('45', '368', '-84.46');
INSERT INTO `team_rating_log` VALUES ('46', '55', '21.88');
INSERT INTO `team_rating_log` VALUES ('46', '97', '0.67');
INSERT INTO `team_rating_log` VALUES ('46', '103', '-18.10');
INSERT INTO `team_rating_log` VALUES ('46', '109', '-34.74');
INSERT INTO `team_rating_log` VALUES ('46', '114', '-50.44');
INSERT INTO `team_rating_log` VALUES ('46', '121', '-24.46');
INSERT INTO `team_rating_log` VALUES ('46', '131', '-41.30');
INSERT INTO `team_rating_log` VALUES ('46', '217', '-52.97');
INSERT INTO `team_rating_log` VALUES ('46', '316', '-68.22');
INSERT INTO `team_rating_log` VALUES ('46', '369', '-84.59');
INSERT INTO `team_rating_log` VALUES ('47', '64', '-19.97');
INSERT INTO `team_rating_log` VALUES ('47', '313', '-5.63');
INSERT INTO `team_rating_log` VALUES ('48', '65', '20.47');
INSERT INTO `team_rating_log` VALUES ('48', '314', '-6.70');
INSERT INTO `team_rating_log` VALUES ('49', '66', '21.29');
INSERT INTO `team_rating_log` VALUES ('49', '99', '-0.72');
INSERT INTO `team_rating_log` VALUES ('49', '104', '-20.21');
INSERT INTO `team_rating_log` VALUES ('49', '111', '-36.05');
INSERT INTO `team_rating_log` VALUES ('49', '117', '-50.18');
INSERT INTO `team_rating_log` VALUES ('49', '123', '-24.21');
INSERT INTO `team_rating_log` VALUES ('49', '125', '-40.14');
INSERT INTO `team_rating_log` VALUES ('49', '159', '-20.94');
INSERT INTO `team_rating_log` VALUES ('49', '172', '-38.13');
INSERT INTO `team_rating_log` VALUES ('49', '211', '-58.61');
INSERT INTO `team_rating_log` VALUES ('49', '215', '-27.72');
INSERT INTO `team_rating_log` VALUES ('49', '219', '-39.57');
INSERT INTO `team_rating_log` VALUES ('49', '250', '-61.97');
INSERT INTO `team_rating_log` VALUES ('49', '264', '-43.43');
INSERT INTO `team_rating_log` VALUES ('49', '283', '-60.13');
INSERT INTO `team_rating_log` VALUES ('49', '311', '-38.00');
INSERT INTO `team_rating_log` VALUES ('49', '340', '-17.84');
INSERT INTO `team_rating_log` VALUES ('50', '67', '-20.90');
INSERT INTO `team_rating_log` VALUES ('50', '98', '-38.57');
INSERT INTO `team_rating_log` VALUES ('50', '105', '-54.27');
INSERT INTO `team_rating_log` VALUES ('50', '110', '-69.64');
INSERT INTO `team_rating_log` VALUES ('50', '116', '-83.37');
INSERT INTO `team_rating_log` VALUES ('50', '122', '-94.46');
INSERT INTO `team_rating_log` VALUES ('50', '124', '-108.56');
INSERT INTO `team_rating_log` VALUES ('50', '158', '-83.71');
INSERT INTO `team_rating_log` VALUES ('50', '173', '-99.12');
INSERT INTO `team_rating_log` VALUES ('50', '210', '-74.59');
INSERT INTO `team_rating_log` VALUES ('50', '214', '-90.10');
INSERT INTO `team_rating_log` VALUES ('50', '218', '-103.95');
INSERT INTO `team_rating_log` VALUES ('50', '249', '-117.28');
INSERT INTO `team_rating_log` VALUES ('50', '263', '-137.10');
INSERT INTO `team_rating_log` VALUES ('50', '284', '-149.70');
INSERT INTO `team_rating_log` VALUES ('50', '312', '-161.00');
INSERT INTO `team_rating_log` VALUES ('50', '341', '-174.69');
INSERT INTO `team_rating_log` VALUES ('51', '68', '20.00');
INSERT INTO `team_rating_log` VALUES ('51', '222', '6.36');
INSERT INTO `team_rating_log` VALUES ('51', '229', '-13.24');
INSERT INTO `team_rating_log` VALUES ('51', '258', '9.67');
INSERT INTO `team_rating_log` VALUES ('51', '273', '31.47');
INSERT INTO `team_rating_log` VALUES ('51', '282', '51.65');
INSERT INTO `team_rating_log` VALUES ('51', '292', '69.29');
INSERT INTO `team_rating_log` VALUES ('51', '294', '84.29');
INSERT INTO `team_rating_log` VALUES ('51', '326', '97.76');
INSERT INTO `team_rating_log` VALUES ('51', '328', '108.21');
INSERT INTO `team_rating_log` VALUES ('51', '360', '79.64');
INSERT INTO `team_rating_log` VALUES ('51', '377', '58.06');
INSERT INTO `team_rating_log` VALUES ('52', '68', '-20.00');
INSERT INTO `team_rating_log` VALUES ('52', '213', '-33.14');
INSERT INTO `team_rating_log` VALUES ('52', '267', '-45.74');
INSERT INTO `team_rating_log` VALUES ('52', '335', '-67.06');
INSERT INTO `team_rating_log` VALUES ('53', '69', '20.00');
INSERT INTO `team_rating_log` VALUES ('53', '223', '40.82');
INSERT INTO `team_rating_log` VALUES ('53', '228', '66.81');
INSERT INTO `team_rating_log` VALUES ('53', '257', '46.52');
INSERT INTO `team_rating_log` VALUES ('53', '274', '62.22');
INSERT INTO `team_rating_log` VALUES ('53', '281', '37.18');
INSERT INTO `team_rating_log` VALUES ('53', '291', '16.84');
INSERT INTO `team_rating_log` VALUES ('53', '293', '34.63');
INSERT INTO `team_rating_log` VALUES ('53', '325', '50.68');
INSERT INTO `team_rating_log` VALUES ('53', '327', '20.89');
INSERT INTO `team_rating_log` VALUES ('53', '361', '2.74');
INSERT INTO `team_rating_log` VALUES ('53', '376', '26.51');
INSERT INTO `team_rating_log` VALUES ('54', '69', '-20.00');
INSERT INTO `team_rating_log` VALUES ('54', '212', '-33.38');
INSERT INTO `team_rating_log` VALUES ('54', '268', '-45.67');
INSERT INTO `team_rating_log` VALUES ('54', '334', '-66.25');
INSERT INTO `team_rating_log` VALUES ('55', '70', '18.92');
INSERT INTO `team_rating_log` VALUES ('55', '345', '5.76');
INSERT INTO `team_rating_log` VALUES ('55', '347', '-8.62');
INSERT INTO `team_rating_log` VALUES ('55', '349', '16.16');
INSERT INTO `team_rating_log` VALUES ('55', '351', '30.78');
INSERT INTO `team_rating_log` VALUES ('55', '375', '47.17');
INSERT INTO `team_rating_log` VALUES ('57', '78', '-21.22');
INSERT INTO `team_rating_log` VALUES ('57', '344', '7.19');
INSERT INTO `team_rating_log` VALUES ('57', '346', '-4.74');
INSERT INTO `team_rating_log` VALUES ('57', '348', '-16.84');
INSERT INTO `team_rating_log` VALUES ('57', '350', '-39.76');
INSERT INTO `team_rating_log` VALUES ('57', '374', '-22.33');
INSERT INTO `team_rating_log` VALUES ('59', '86', '-21.03');
INSERT INTO `team_rating_log` VALUES ('59', '288', '-37.23');
INSERT INTO `team_rating_log` VALUES ('59', '289', '-58.66');
INSERT INTO `team_rating_log` VALUES ('59', '329', '-68.75');
INSERT INTO `team_rating_log` VALUES ('59', '335', '-47.43');
INSERT INTO `team_rating_log` VALUES ('59', '341', '-33.74');
INSERT INTO `team_rating_log` VALUES ('59', '354', '-43.94');
INSERT INTO `team_rating_log` VALUES ('59', '366', '-17.11');
INSERT INTO `team_rating_log` VALUES ('60', '87', '-23.18');
INSERT INTO `team_rating_log` VALUES ('60', '287', '-36.26');
INSERT INTO `team_rating_log` VALUES ('60', '290', '-55.77');
INSERT INTO `team_rating_log` VALUES ('60', '334', '-35.19');
INSERT INTO `team_rating_log` VALUES ('60', '340', '-55.35');
INSERT INTO `team_rating_log` VALUES ('60', '355', '-69.40');
INSERT INTO `team_rating_log` VALUES ('60', '367', '-34.00');
INSERT INTO `team_rating_log` VALUES ('61', '88', '-21.79');
INSERT INTO `team_rating_log` VALUES ('61', '293', '-39.58');
INSERT INTO `team_rating_log` VALUES ('61', '321', '-53.14');
INSERT INTO `team_rating_log` VALUES ('61', '323', '-34.84');
INSERT INTO `team_rating_log` VALUES ('61', '325', '-50.89');
INSERT INTO `team_rating_log` VALUES ('61', '332', '-33.76');
INSERT INTO `team_rating_log` VALUES ('62', '89', '-19.43');
INSERT INTO `team_rating_log` VALUES ('62', '294', '-34.43');
INSERT INTO `team_rating_log` VALUES ('62', '322', '-51.53');
INSERT INTO `team_rating_log` VALUES ('62', '324', '-33.46');
INSERT INTO `team_rating_log` VALUES ('62', '326', '-46.93');
INSERT INTO `team_rating_log` VALUES ('62', '333', '-70.14');
INSERT INTO `team_rating_log` VALUES ('64', '337', '-25.90');
INSERT INTO `team_rating_log` VALUES ('64', '342', '-46.19');
INSERT INTO `team_rating_log` VALUES ('65', '92', '-20.54');
INSERT INTO `team_rating_log` VALUES ('65', '296', '-5.36');
INSERT INTO `team_rating_log` VALUES ('65', '306', '12.16');
INSERT INTO `team_rating_log` VALUES ('65', '312', '23.46');
INSERT INTO `team_rating_log` VALUES ('65', '319', '8.63');
INSERT INTO `team_rating_log` VALUES ('65', '357', '35.75');
INSERT INTO `team_rating_log` VALUES ('65', '359', '53.09');
INSERT INTO `team_rating_log` VALUES ('65', '361', '71.24');
INSERT INTO `team_rating_log` VALUES ('65', '363', '95.13');
INSERT INTO `team_rating_log` VALUES ('66', '93', '-18.32');
INSERT INTO `team_rating_log` VALUES ('66', '295', '-2.62');
INSERT INTO `team_rating_log` VALUES ('66', '305', '-22.91');
INSERT INTO `team_rating_log` VALUES ('66', '311', '-45.04');
INSERT INTO `team_rating_log` VALUES ('66', '320', '-59.07');
INSERT INTO `team_rating_log` VALUES ('66', '356', '-69.17');
INSERT INTO `team_rating_log` VALUES ('66', '358', '-50.91');
INSERT INTO `team_rating_log` VALUES ('66', '360', '-22.34');
INSERT INTO `team_rating_log` VALUES ('66', '362', '4.98');
INSERT INTO `team_rating_log` VALUES ('85', '336', '-25.24');
INSERT INTO `team_rating_log` VALUES ('85', '343', '-50.83');

-- ----------------------------
-- Table structure for teams
-- ----------------------------
DROP TABLE IF EXISTS `teams`;
CREATE TABLE `teams` (
  `id` int(3) unsigned NOT NULL AUTO_INCREMENT,
  `goalkeeper_id` tinyint(3) unsigned NOT NULL,
  `forward_id` tinyint(3) unsigned NOT NULL,
  `rating` float(6,2) NOT NULL DEFAULT '0.00',
  PRIMARY KEY (`id`),
  UNIQUE KEY `team_forward_goalkeeper` (`goalkeeper_id`,`forward_id`) USING BTREE,
  KEY `teams_goalkeeper` (`goalkeeper_id`),
  KEY `teams_forward` (`forward_id`),
  CONSTRAINT `teams_forward` FOREIGN KEY (`forward_id`) REFERENCES `players` (`id`) ON DELETE CASCADE ON UPDATE CASCADE,
  CONSTRAINT `teams_goalkeeper` FOREIGN KEY (`goalkeeper_id`) REFERENCES `players` (`id`) ON DELETE CASCADE ON UPDATE CASCADE
) ENGINE=InnoDB AUTO_INCREMENT=86 DEFAULT CHARSET=latin1;

-- ----------------------------
-- Records of teams
-- ----------------------------
INSERT INTO `teams` VALUES ('3', '1', '5', '-49.00');
INSERT INTO `teams` VALUES ('4', '2', '4', '109.20');
INSERT INTO `teams` VALUES ('5', '4', '1', '7.95');
INSERT INTO `teams` VALUES ('6', '5', '2', '65.26');
INSERT INTO `teams` VALUES ('7', '1', '4', '30.70');
INSERT INTO `teams` VALUES ('8', '2', '5', '162.60');
INSERT INTO `teams` VALUES ('9', '6', '1', '77.19');
INSERT INTO `teams` VALUES ('10', '7', '3', '-21.44');
INSERT INTO `teams` VALUES ('11', '1', '6', '35.98');
INSERT INTO `teams` VALUES ('12', '3', '7', '-52.34');
INSERT INTO `teams` VALUES ('13', '6', '2', '15.14');
INSERT INTO `teams` VALUES ('14', '4', '7', '-28.07');
INSERT INTO `teams` VALUES ('15', '2', '6', '112.57');
INSERT INTO `teams` VALUES ('16', '7', '4', '-117.74');
INSERT INTO `teams` VALUES ('17', '1', '2', '160.94');
INSERT INTO `teams` VALUES ('18', '2', '1', '162.45');
INSERT INTO `teams` VALUES ('19', '1', '7', '-21.46');
INSERT INTO `teams` VALUES ('20', '3', '4', '45.32');
INSERT INTO `teams` VALUES ('21', '7', '1', '-12.65');
INSERT INTO `teams` VALUES ('22', '4', '3', '73.67');
INSERT INTO `teams` VALUES ('23', '3', '1', '32.01');
INSERT INTO `teams` VALUES ('24', '5', '4', '-94.34');
INSERT INTO `teams` VALUES ('25', '1', '3', '151.20');
INSERT INTO `teams` VALUES ('26', '4', '5', '-45.08');
INSERT INTO `teams` VALUES ('27', '5', '1', '-102.03');
INSERT INTO `teams` VALUES ('28', '5', '3', '-61.26');
INSERT INTO `teams` VALUES ('29', '3', '5', '22.81');
INSERT INTO `teams` VALUES ('30', '4', '2', '73.59');
INSERT INTO `teams` VALUES ('31', '7', '5', '11.55');
INSERT INTO `teams` VALUES ('38', '5', '7', '-102.08');
INSERT INTO `teams` VALUES ('39', '2', '3', '249.78');
INSERT INTO `teams` VALUES ('40', '3', '2', '52.77');
INSERT INTO `teams` VALUES ('41', '4', '9', '-131.82');
INSERT INTO `teams` VALUES ('42', '9', '4', '-92.21');
INSERT INTO `teams` VALUES ('43', '1', '9', '-104.06');
INSERT INTO `teams` VALUES ('44', '9', '1', '-107.37');
INSERT INTO `teams` VALUES ('45', '3', '9', '-84.46');
INSERT INTO `teams` VALUES ('46', '9', '3', '-84.59');
INSERT INTO `teams` VALUES ('47', '9', '7', '-5.63');
INSERT INTO `teams` VALUES ('48', '7', '9', '-6.70');
INSERT INTO `teams` VALUES ('49', '9', '2', '-17.84');
INSERT INTO `teams` VALUES ('50', '2', '9', '-174.69');
INSERT INTO `teams` VALUES ('51', '7', '2', '58.06');
INSERT INTO `teams` VALUES ('52', '5', '9', '-67.06');
INSERT INTO `teams` VALUES ('53', '2', '7', '26.51');
INSERT INTO `teams` VALUES ('54', '9', '5', '-66.25');
INSERT INTO `teams` VALUES ('55', '7', '6', '47.17');
INSERT INTO `teams` VALUES ('56', '8', '4', '0.00');
INSERT INTO `teams` VALUES ('57', '6', '7', '-22.33');
INSERT INTO `teams` VALUES ('59', '6', '4', '-17.11');
INSERT INTO `teams` VALUES ('60', '4', '6', '-34.00');
INSERT INTO `teams` VALUES ('61', '6', '5', '-33.76');
INSERT INTO `teams` VALUES ('62', '5', '6', '-70.14');
INSERT INTO `teams` VALUES ('63', '8', '5', '0.00');
INSERT INTO `teams` VALUES ('64', '9', '6', '-46.19');
INSERT INTO `teams` VALUES ('65', '6', '3', '95.13');
INSERT INTO `teams` VALUES ('66', '3', '6', '4.98');
INSERT INTO `teams` VALUES ('67', '6', '6', '0.00');
INSERT INTO `teams` VALUES ('68', '6', '8', '0.00');
INSERT INTO `teams` VALUES ('69', '8', '8', '0.00');
INSERT INTO `teams` VALUES ('70', '9', '8', '0.00');
INSERT INTO `teams` VALUES ('71', '9', '9', '0.00');
INSERT INTO `teams` VALUES ('72', '4', '4', '0.00');
INSERT INTO `teams` VALUES ('79', '1', '8', '0.00');
INSERT INTO `teams` VALUES ('80', '7', '8', '0.00');
INSERT INTO `teams` VALUES ('81', '3', '3', '0.00');
INSERT INTO `teams` VALUES ('82', '2', '2', '0.00');
INSERT INTO `teams` VALUES ('83', '1', '1', '0.00');
INSERT INTO `teams` VALUES ('84', '5', '5', '0.00');
INSERT INTO `teams` VALUES ('85', '6', '9', '-50.83');
