/*
Navicat MySQL Data Transfer

Source Server         : weavora-2
Source Server Version : 50534
Source Host           : weavora-2:3306
Source Database       : kicker

Target Server Type    : MYSQL
Target Server Version : 50534
File Encoding         : 65001

Date: 2015-06-26 18:14:55
*/

SET FOREIGN_KEY_CHECKS=0;

-- ----------------------------
-- Table structure for matches
-- ----------------------------
DROP TABLE IF EXISTS `matches`;
CREATE TABLE `matches` (
  `id` int(3) unsigned NOT NULL AUTO_INCREMENT,
  `red_team_id` int(3) unsigned NOT NULL,
  `blue_team_id` int(3) unsigned NOT NULL,
  `date` timestamp NOT NULL DEFAULT CURRENT_TIMESTAMP ON UPDATE CURRENT_TIMESTAMP,
  `red_score` tinyint(2) NOT NULL,
  `blue_score` tinyint(2) NOT NULL,
  PRIMARY KEY (`id`),
  KEY `matches_red_team` (`red_team_id`),
  KEY `matches_blue_team` (`blue_team_id`),
  CONSTRAINT `matches_blue_team` FOREIGN KEY (`blue_team_id`) REFERENCES `teams` (`id`) ON DELETE CASCADE ON UPDATE CASCADE,
  CONSTRAINT `matches_red_team` FOREIGN KEY (`red_team_id`) REFERENCES `teams` (`id`) ON DELETE CASCADE ON UPDATE CASCADE
) ENGINE=InnoDB AUTO_INCREMENT=196 DEFAULT CHARSET=latin1;

-- ----------------------------
-- Records of matches
-- ----------------------------
INSERT INTO `matches` VALUES ('3', '5', '6', '2015-06-12 16:11:12', '2', '5');
INSERT INTO `matches` VALUES ('4', '7', '8', '2015-06-12 16:14:18', '5', '3');
INSERT INTO `matches` VALUES ('5', '9', '10', '2015-06-12 16:17:11', '5', '2');
INSERT INTO `matches` VALUES ('6', '11', '12', '2015-06-12 16:21:25', '5', '2');
INSERT INTO `matches` VALUES ('7', '13', '14', '2015-06-12 16:27:56', '4', '5');
INSERT INTO `matches` VALUES ('8', '15', '16', '2015-06-12 16:32:04', '5', '1');
INSERT INTO `matches` VALUES ('9', '17', '14', '2015-06-12 16:34:44', '5', '3');
INSERT INTO `matches` VALUES ('10', '18', '16', '2015-06-12 16:38:40', '5', '4');
INSERT INTO `matches` VALUES ('11', '19', '20', '2015-06-12 16:45:29', '4', '5');
INSERT INTO `matches` VALUES ('12', '21', '22', '2015-06-12 16:48:42', '2', '5');
INSERT INTO `matches` VALUES ('13', '23', '24', '2015-06-12 16:51:02', '0', '5');
INSERT INTO `matches` VALUES ('14', '25', '26', '2015-06-12 16:55:08', '5', '3');
INSERT INTO `matches` VALUES ('15', '20', '3', '2015-06-12 16:59:14', '5', '2');
INSERT INTO `matches` VALUES ('16', '22', '27', '2015-06-12 17:06:27', '5', '4');
INSERT INTO `matches` VALUES ('17', '28', '7', '2015-06-12 17:10:42', '4', '5');
INSERT INTO `matches` VALUES ('18', '29', '5', '2015-06-12 17:14:48', '0', '5');
INSERT INTO `matches` VALUES ('19', '6', '5', '2015-06-12 17:18:28', '2', '5');
INSERT INTO `matches` VALUES ('20', '8', '7', '2015-06-12 17:22:14', '1', '5');
INSERT INTO `matches` VALUES ('21', '27', '4', '2015-06-12 17:26:03', '2', '5');
INSERT INTO `matches` VALUES ('22', '3', '30', '2015-06-12 17:30:55', '3', '5');
INSERT INTO `matches` VALUES ('23', '31', '5', '2015-06-12 17:38:30', '4', '5');
INSERT INTO `matches` VALUES ('24', '38', '7', '2015-06-12 17:43:39', '5', '4');
INSERT INTO `matches` VALUES ('25', '3', '14', '2015-06-12 17:46:47', '2', '5');
INSERT INTO `matches` VALUES ('26', '27', '16', '2015-06-12 17:50:49', '5', '2');
INSERT INTO `matches` VALUES ('29', '39', '5', '2015-06-16 18:02:09', '0', '5');
INSERT INTO `matches` VALUES ('30', '40', '7', '2015-06-16 18:07:06', '4', '5');
INSERT INTO `matches` VALUES ('31', '31', '5', '2015-06-16 18:11:52', '5', '4');
INSERT INTO `matches` VALUES ('32', '38', '7', '2015-06-16 18:15:31', '5', '2');
INSERT INTO `matches` VALUES ('33', '31', '39', '2015-06-16 18:20:56', '2', '5');
INSERT INTO `matches` VALUES ('34', '38', '39', '2015-06-16 18:24:14', '3', '5');
INSERT INTO `matches` VALUES ('35', '19', '24', '2015-06-16 18:29:56', '5', '3');
INSERT INTO `matches` VALUES ('36', '21', '26', '2015-06-16 18:32:40', '5', '0');
INSERT INTO `matches` VALUES ('37', '40', '24', '2015-06-16 18:36:28', '5', '2');
INSERT INTO `matches` VALUES ('38', '39', '26', '2015-06-16 18:40:52', '5', '4');
INSERT INTO `matches` VALUES ('39', '40', '19', '2015-06-16 18:44:24', '5', '1');
INSERT INTO `matches` VALUES ('40', '39', '21', '2015-06-16 18:47:44', '5', '0');
INSERT INTO `matches` VALUES ('41', '20', '17', '2015-06-16 18:51:38', '5', '2');
INSERT INTO `matches` VALUES ('42', '22', '18', '2015-06-16 18:53:31', '0', '5');
INSERT INTO `matches` VALUES ('43', '22', '18', '2015-06-16 18:59:20', '5', '4');
INSERT INTO `matches` VALUES ('44', '4', '23', '2015-06-16 19:04:41', '4', '5');
INSERT INTO `matches` VALUES ('45', '30', '25', '2015-06-16 19:08:27', '5', '3');
INSERT INTO `matches` VALUES ('46', '6', '5', '2015-06-16 19:14:37', '5', '3');
INSERT INTO `matches` VALUES ('47', '8', '7', '2015-06-16 19:17:25', '5', '0');
INSERT INTO `matches` VALUES ('48', '6', '5', '2015-06-16 19:22:24', '4', '5');
INSERT INTO `matches` VALUES ('49', '8', '7', '2015-06-16 19:26:06', '5', '3');
INSERT INTO `matches` VALUES ('50', '23', '41', '2015-06-17 16:04:10', '5', '3');
INSERT INTO `matches` VALUES ('51', '25', '42', '2015-06-17 16:04:23', '5', '1');
INSERT INTO `matches` VALUES ('52', '43', '20', '2015-06-17 16:04:41', '0', '5');
INSERT INTO `matches` VALUES ('53', '44', '22', '2015-06-17 16:06:35', '3', '5');
INSERT INTO `matches` VALUES ('54', '7', '45', '2015-06-17 16:08:51', '5', '0');
INSERT INTO `matches` VALUES ('55', '5', '46', '2015-06-17 16:12:22', '4', '5');
INSERT INTO `matches` VALUES ('56', '17', '20', '2015-06-17 16:17:13', '5', '3');
INSERT INTO `matches` VALUES ('57', '18', '22', '2015-06-17 16:22:10', '2', '5');
INSERT INTO `matches` VALUES ('58', '30', '23', '2015-06-17 16:25:43', '5', '1');
INSERT INTO `matches` VALUES ('59', '4', '25', '2015-06-17 16:30:15', '5', '2');
INSERT INTO `matches` VALUES ('60', '5', '40', '2015-06-17 16:33:51', '2', '5');
INSERT INTO `matches` VALUES ('61', '7', '39', '2015-06-17 16:38:57', '4', '5');
INSERT INTO `matches` VALUES ('62', '30', '23', '2015-06-17 16:44:44', '5', '3');
INSERT INTO `matches` VALUES ('63', '4', '25', '2015-06-17 16:48:08', '3', '5');
INSERT INTO `matches` VALUES ('64', '47', '6', '2015-06-17 18:27:01', '1', '5');
INSERT INTO `matches` VALUES ('65', '48', '8', '2015-06-17 18:33:57', '5', '3');
INSERT INTO `matches` VALUES ('66', '38', '49', '2015-06-17 18:39:05', '3', '5');
INSERT INTO `matches` VALUES ('67', '31', '50', '2015-06-17 18:41:54', '5', '3');
INSERT INTO `matches` VALUES ('68', '51', '52', '2015-06-17 18:46:27', '5', '1');
INSERT INTO `matches` VALUES ('69', '53', '54', '2015-06-17 18:49:50', '5', '2');
INSERT INTO `matches` VALUES ('70', '28', '55', '2015-06-18 16:58:33', '3', '5');
INSERT INTO `matches` VALUES ('78', '29', '57', '2015-06-18 17:10:01', '5', '3');
INSERT INTO `matches` VALUES ('79', '5', '28', '2015-06-18 17:15:25', '5', '4');
INSERT INTO `matches` VALUES ('80', '7', '29', '2015-06-18 17:19:07', '3', '5');
INSERT INTO `matches` VALUES ('81', '16', '11', '2015-06-18 17:25:20', '5', '0');
INSERT INTO `matches` VALUES ('82', '14', '9', '2015-06-18 17:30:03', '2', '5');
INSERT INTO `matches` VALUES ('84', '19', '26', '2015-06-18 17:33:42', '4', '5');
INSERT INTO `matches` VALUES ('85', '21', '24', '2015-06-18 17:37:43', '5', '4');
INSERT INTO `matches` VALUES ('86', '27', '59', '2015-06-18 17:42:59', '5', '4');
INSERT INTO `matches` VALUES ('87', '3', '60', '2015-06-18 17:46:33', '5', '5');
INSERT INTO `matches` VALUES ('88', '61', '7', '2015-06-18 17:50:23', '4', '5');
INSERT INTO `matches` VALUES ('89', '62', '5', '2015-06-18 17:52:04', '0', '5');
INSERT INTO `matches` VALUES ('90', '3', '41', '2015-06-18 17:56:45', '5', '4');
INSERT INTO `matches` VALUES ('91', '27', '42', '2015-06-18 17:59:13', '4', '5');
INSERT INTO `matches` VALUES ('92', '65', '7', '2015-06-19 17:22:40', '4', '5');
INSERT INTO `matches` VALUES ('93', '66', '5', '2015-06-19 17:28:30', '4', '5');
INSERT INTO `matches` VALUES ('94', '40', '43', '2015-06-19 19:53:43', '5', '1');
INSERT INTO `matches` VALUES ('95', '39', '44', '2015-06-19 19:56:29', '5', '1');
INSERT INTO `matches` VALUES ('96', '17', '45', '2015-06-19 20:02:13', '2', '5');
INSERT INTO `matches` VALUES ('97', '18', '46', '2015-06-19 20:06:02', '5', '2');
INSERT INTO `matches` VALUES ('98', '25', '50', '2015-06-19 20:10:22', '5', '2');
INSERT INTO `matches` VALUES ('99', '23', '49', '2015-06-19 20:13:19', '5', '1');
INSERT INTO `matches` VALUES ('100', '43', '40', '2015-06-19 20:18:48', '5', '4');
INSERT INTO `matches` VALUES ('101', '44', '39', '2015-06-19 20:21:51', '2', '5');
INSERT INTO `matches` VALUES ('102', '45', '17', '2015-06-19 20:29:46', '1', '5');
INSERT INTO `matches` VALUES ('103', '46', '18', '2015-06-19 20:32:10', '2', '5');
INSERT INTO `matches` VALUES ('104', '49', '23', '2015-06-19 20:35:11', '2', '5');
INSERT INTO `matches` VALUES ('105', '50', '25', '2015-06-19 20:41:50', '4', '5');
INSERT INTO `matches` VALUES ('106', '39', '43', '2015-06-19 21:49:21', '5', '1');
INSERT INTO `matches` VALUES ('107', '40', '44', '2015-06-19 21:54:24', '5', '3');
INSERT INTO `matches` VALUES ('108', '45', '17', '2015-06-19 21:59:52', '4', '5');
INSERT INTO `matches` VALUES ('109', '46', '18', '2015-06-19 22:04:26', '4', '5');
INSERT INTO `matches` VALUES ('110', '50', '23', '2015-06-19 22:08:40', '3', '5');
INSERT INTO `matches` VALUES ('111', '49', '25', '2015-06-19 22:12:06', '4', '5');
INSERT INTO `matches` VALUES ('112', '39', '43', '2015-06-19 22:23:09', '5', '2');
INSERT INTO `matches` VALUES ('113', '40', '44', '2015-06-19 22:26:06', '5', '1');
INSERT INTO `matches` VALUES ('114', '46', '17', '2015-06-19 22:29:34', '1', '5');
INSERT INTO `matches` VALUES ('115', '45', '18', '2015-06-19 22:32:07', '0', '5');
INSERT INTO `matches` VALUES ('116', '50', '23', '2015-06-19 22:35:30', '1', '5');
INSERT INTO `matches` VALUES ('117', '49', '25', '2015-06-19 22:38:18', '0', '5');
INSERT INTO `matches` VALUES ('118', '44', '40', '2015-06-19 22:42:11', '5', '1');
INSERT INTO `matches` VALUES ('119', '43', '39', '2015-06-19 22:46:07', '1', '5');
INSERT INTO `matches` VALUES ('120', '18', '45', '2015-06-19 22:50:50', '2', '5');
INSERT INTO `matches` VALUES ('121', '17', '46', '2015-06-19 22:55:12', '3', '5');
INSERT INTO `matches` VALUES ('122', '50', '25', '2015-06-19 23:01:15', '0', '5');
INSERT INTO `matches` VALUES ('123', '49', '23', '2015-06-19 23:06:46', '5', '4');
INSERT INTO `matches` VALUES ('124', '7', '50', '2015-06-22 18:23:58', '5', '1');
INSERT INTO `matches` VALUES ('125', '5', '49', '2015-06-22 18:28:01', '5', '1');
INSERT INTO `matches` VALUES ('126', '41', '40', '2015-06-22 18:30:11', '0', '5');
INSERT INTO `matches` VALUES ('127', '42', '39', '2015-06-22 18:32:19', '0', '5');
INSERT INTO `matches` VALUES ('128', '44', '20', '2015-06-22 18:36:56', '4', '5');
INSERT INTO `matches` VALUES ('129', '43', '22', '2015-06-22 18:43:27', '4', '5');
INSERT INTO `matches` VALUES ('130', '45', '18', '2015-06-22 18:48:04', '4', '5');
INSERT INTO `matches` VALUES ('131', '46', '17', '2015-06-22 18:54:00', '4', '5');
INSERT INTO `matches` VALUES ('132', '30', '23', '2015-06-22 18:58:22', '5', '3');
INSERT INTO `matches` VALUES ('133', '4', '25', '2015-06-22 19:00:43', '3', '5');
INSERT INTO `matches` VALUES ('134', '44', '4', '2015-06-22 19:05:57', '2', '5');
INSERT INTO `matches` VALUES ('135', '43', '30', '2015-06-22 19:09:55', '2', '5');
INSERT INTO `matches` VALUES ('136', '7', '40', '2015-06-22 19:13:51', '3', '5');
INSERT INTO `matches` VALUES ('137', '5', '39', '2015-06-22 19:18:49', '4', '5');
INSERT INTO `matches` VALUES ('138', '28', '18', '2015-06-22 19:21:53', '3', '5');
INSERT INTO `matches` VALUES ('139', '29', '17', '2015-06-22 19:25:18', '3', '5');
INSERT INTO `matches` VALUES ('140', '23', '8', '2015-06-22 19:28:59', '5', '4');
INSERT INTO `matches` VALUES ('141', '25', '6', '2015-06-22 19:32:31', '5', '3');
INSERT INTO `matches` VALUES ('142', '40', '3', '2015-06-22 19:40:36', '5', '3');
INSERT INTO `matches` VALUES ('143', '39', '27', '2015-06-22 19:42:06', '5', '0');
INSERT INTO `matches` VALUES ('144', '6', '25', '2015-06-22 19:46:22', '3', '5');
INSERT INTO `matches` VALUES ('145', '8', '23', '2015-06-22 19:49:56', '2', '5');
INSERT INTO `matches` VALUES ('146', '40', '7', '2015-06-23 18:24:12', '0', '5');
INSERT INTO `matches` VALUES ('147', '39', '5', '2015-06-23 18:24:18', '5', '3');
INSERT INTO `matches` VALUES ('148', '40', '5', '2015-06-23 18:27:34', '5', '1');
INSERT INTO `matches` VALUES ('149', '39', '7', '2015-06-23 18:31:33', '5', '0');
INSERT INTO `matches` VALUES ('150', '40', '7', '2015-06-23 18:39:02', '5', '4');
INSERT INTO `matches` VALUES ('151', '39', '5', '2015-06-23 18:43:18', '5', '2');
INSERT INTO `matches` VALUES ('152', '12', '4', '2015-06-23 18:49:59', '1', '5');
INSERT INTO `matches` VALUES ('153', '10', '30', '2015-06-23 18:53:21', '2', '5');
INSERT INTO `matches` VALUES ('154', '12', '24', '2015-06-23 18:56:05', '3', '5');
INSERT INTO `matches` VALUES ('155', '10', '26', '2015-06-23 18:59:29', '5', '3');
INSERT INTO `matches` VALUES ('156', '14', '6', '2015-06-23 19:04:18', '3', '5');
INSERT INTO `matches` VALUES ('157', '16', '8', '2015-06-23 19:07:59', '2', '5');
INSERT INTO `matches` VALUES ('158', '50', '24', '2015-06-23 19:13:16', '5', '4');
INSERT INTO `matches` VALUES ('159', '49', '26', '2015-06-23 19:16:23', '5', '2');
INSERT INTO `matches` VALUES ('160', '40', '7', '2015-06-24 17:30:34', '4', '5');
INSERT INTO `matches` VALUES ('161', '39', '5', '2015-06-24 17:30:54', '5', '2');
INSERT INTO `matches` VALUES ('162', '25', '4', '2015-06-24 17:35:30', '2', '5');
INSERT INTO `matches` VALUES ('163', '23', '30', '2015-06-24 17:43:21', '5', '4');
INSERT INTO `matches` VALUES ('164', '18', '20', '2015-06-24 17:47:21', '5', '2');
INSERT INTO `matches` VALUES ('165', '17', '22', '2015-06-24 17:53:34', '4', '5');
INSERT INTO `matches` VALUES ('166', '42', '6', '2015-06-25 19:26:02', '5', '2');
INSERT INTO `matches` VALUES ('167', '41', '8', '2015-06-25 19:32:45', '5', '4');
INSERT INTO `matches` VALUES ('168', '42', '6', '2015-06-25 19:37:12', '2', '5');
INSERT INTO `matches` VALUES ('169', '41', '8', '2015-06-25 19:46:25', '4', '5');
INSERT INTO `matches` VALUES ('170', '8', '43', '2015-06-25 19:51:09', '5', '1');
INSERT INTO `matches` VALUES ('171', '6', '44', '2015-06-25 19:53:27', '5', '1');
INSERT INTO `matches` VALUES ('172', '7', '49', '2015-06-25 19:57:38', '5', '0');
INSERT INTO `matches` VALUES ('173', '5', '50', '2015-06-25 20:01:58', '5', '1');
INSERT INTO `matches` VALUES ('174', '27', '41', '2015-06-25 20:06:30', '5', '3');
INSERT INTO `matches` VALUES ('175', '3', '42', '2015-06-25 20:09:04', '5', '0');
INSERT INTO `matches` VALUES ('176', '27', '4', '2015-06-25 20:13:25', '5', '2');
INSERT INTO `matches` VALUES ('177', '3', '30', '2015-06-25 20:16:43', '5', '2');
INSERT INTO `matches` VALUES ('178', '6', '5', '2015-06-25 20:20:34', '3', '5');
INSERT INTO `matches` VALUES ('179', '8', '7', '2015-06-25 20:23:02', '2', '5');
INSERT INTO `matches` VALUES ('180', '6', '5', '2015-06-25 20:27:45', '5', '2');
INSERT INTO `matches` VALUES ('181', '8', '7', '2015-06-25 20:31:54', '1', '5');
INSERT INTO `matches` VALUES ('182', '18', '24', '2015-06-25 20:35:51', '5', '2');
INSERT INTO `matches` VALUES ('183', '17', '26', '2015-06-25 20:39:21', '5', '2');
INSERT INTO `matches` VALUES ('184', '27', '40', '2015-06-26 15:15:14', '4', '5');
INSERT INTO `matches` VALUES ('185', '3', '39', '2015-06-26 15:22:14', '4', '5');
INSERT INTO `matches` VALUES ('186', '26', '40', '2015-06-26 15:27:01', '2', '5');
INSERT INTO `matches` VALUES ('187', '24', '39', '2015-06-26 15:29:29', '2', '5');
INSERT INTO `matches` VALUES ('188', '24', '17', '2015-06-26 15:33:31', '3', '5');
INSERT INTO `matches` VALUES ('189', '26', '18', '2015-06-26 15:37:44', '2', '5');
INSERT INTO `matches` VALUES ('190', '29', '5', '2015-06-26 15:42:17', '1', '5');
INSERT INTO `matches` VALUES ('191', '28', '7', '2015-06-26 15:46:14', '5', '2');
INSERT INTO `matches` VALUES ('192', '23', '4', '2015-06-26 15:51:53', '2', '5');
INSERT INTO `matches` VALUES ('193', '25', '30', '2015-06-26 15:55:31', '5', '2');
INSERT INTO `matches` VALUES ('194', '20', '6', '2015-06-26 16:00:43', '5', '3');
INSERT INTO `matches` VALUES ('195', '22', '8', '2015-06-26 16:05:33', '3', '5');

-- ----------------------------
-- Table structure for player_rating_log
-- ----------------------------
DROP TABLE IF EXISTS `player_rating_log`;
CREATE TABLE `player_rating_log` (
  `player_id` tinyint(3) unsigned NOT NULL,
  `match_id` int(3) unsigned NOT NULL,
  `rating` float(6,2) DEFAULT NULL,
  PRIMARY KEY (`player_id`,`match_id`),
  KEY `player_rating_match` (`match_id`),
  CONSTRAINT `player_rating_player` FOREIGN KEY (`player_id`) REFERENCES `players` (`id`) ON DELETE CASCADE ON UPDATE CASCADE,
  CONSTRAINT `player_rating_match` FOREIGN KEY (`match_id`) REFERENCES `matches` (`id`) ON DELETE CASCADE ON UPDATE CASCADE
) ENGINE=InnoDB DEFAULT CHARSET=utf8;

-- ----------------------------
-- Records of player_rating_log
-- ----------------------------
INSERT INTO `player_rating_log` VALUES ('1', '3', '-20.00');
INSERT INTO `player_rating_log` VALUES ('1', '4', '0.00');
INSERT INTO `player_rating_log` VALUES ('1', '5', '20.00');
INSERT INTO `player_rating_log` VALUES ('1', '6', '40.00');
INSERT INTO `player_rating_log` VALUES ('1', '9', '61.15');
INSERT INTO `player_rating_log` VALUES ('1', '10', '80.00');
INSERT INTO `player_rating_log` VALUES ('1', '11', '60.00');
INSERT INTO `player_rating_log` VALUES ('1', '12', '40.00');
INSERT INTO `player_rating_log` VALUES ('1', '13', '20.00');
INSERT INTO `player_rating_log` VALUES ('1', '14', '40.00');
INSERT INTO `player_rating_log` VALUES ('1', '15', '21.15');
INSERT INTO `player_rating_log` VALUES ('1', '16', '2.30');
INSERT INTO `player_rating_log` VALUES ('1', '17', '21.15');
INSERT INTO `player_rating_log` VALUES ('1', '18', '42.30');
INSERT INTO `player_rating_log` VALUES ('1', '19', '63.38');
INSERT INTO `player_rating_log` VALUES ('1', '20', '80.02');
INSERT INTO `player_rating_log` VALUES ('1', '21', '61.10');
INSERT INTO `player_rating_log` VALUES ('1', '22', '42.18');
INSERT INTO `player_rating_log` VALUES ('1', '23', '60.90');
INSERT INTO `player_rating_log` VALUES ('1', '24', '37.73');
INSERT INTO `player_rating_log` VALUES ('1', '25', '19.83');
INSERT INTO `player_rating_log` VALUES ('1', '26', '39.77');
INSERT INTO `player_rating_log` VALUES ('1', '29', '57.42');
INSERT INTO `player_rating_log` VALUES ('1', '30', '75.56');
INSERT INTO `player_rating_log` VALUES ('1', '31', '51.18');
INSERT INTO `player_rating_log` VALUES ('1', '32', '29.61');
INSERT INTO `player_rating_log` VALUES ('1', '35', '51.90');
INSERT INTO `player_rating_log` VALUES ('1', '36', '71.90');
INSERT INTO `player_rating_log` VALUES ('1', '39', '51.93');
INSERT INTO `player_rating_log` VALUES ('1', '40', '34.35');
INSERT INTO `player_rating_log` VALUES ('1', '41', '15.37');
INSERT INTO `player_rating_log` VALUES ('1', '42', '36.52');
INSERT INTO `player_rating_log` VALUES ('1', '43', '15.24');
INSERT INTO `player_rating_log` VALUES ('1', '44', '37.47');
INSERT INTO `player_rating_log` VALUES ('1', '45', '17.41');
INSERT INTO `player_rating_log` VALUES ('1', '46', '-4.62');
INSERT INTO `player_rating_log` VALUES ('1', '47', '-28.35');
INSERT INTO `player_rating_log` VALUES ('1', '48', '-7.85');
INSERT INTO `player_rating_log` VALUES ('1', '49', '-28.89');
INSERT INTO `player_rating_log` VALUES ('1', '50', '-9.02');
INSERT INTO `player_rating_log` VALUES ('1', '51', '10.98');
INSERT INTO `player_rating_log` VALUES ('1', '52', '-5.72');
INSERT INTO `player_rating_log` VALUES ('1', '53', '-23.49');
INSERT INTO `player_rating_log` VALUES ('1', '54', '-2.58');
INSERT INTO `player_rating_log` VALUES ('1', '55', '-24.46');
INSERT INTO `player_rating_log` VALUES ('1', '56', '-0.35');
INSERT INTO `player_rating_log` VALUES ('1', '57', '-18.17');
INSERT INTO `player_rating_log` VALUES ('1', '58', '-37.20');
INSERT INTO `player_rating_log` VALUES ('1', '59', '-58.54');
INSERT INTO `player_rating_log` VALUES ('1', '60', '-77.85');
INSERT INTO `player_rating_log` VALUES ('1', '61', '-94.72');
INSERT INTO `player_rating_log` VALUES ('1', '62', '-111.58');
INSERT INTO `player_rating_log` VALUES ('1', '63', '-90.46');
INSERT INTO `player_rating_log` VALUES ('1', '79', '-72.14');
INSERT INTO `player_rating_log` VALUES ('1', '80', '-91.45');
INSERT INTO `player_rating_log` VALUES ('1', '81', '-115.91');
INSERT INTO `player_rating_log` VALUES ('1', '82', '-96.10');
INSERT INTO `player_rating_log` VALUES ('1', '84', '-118.31');
INSERT INTO `player_rating_log` VALUES ('1', '85', '-98.63');
INSERT INTO `player_rating_log` VALUES ('1', '86', '-77.60');
INSERT INTO `player_rating_log` VALUES ('1', '87', '-94.42');
INSERT INTO `player_rating_log` VALUES ('1', '88', '-72.63');
INSERT INTO `player_rating_log` VALUES ('1', '89', '-53.20');
INSERT INTO `player_rating_log` VALUES ('1', '90', '-30.19');
INSERT INTO `player_rating_log` VALUES ('1', '91', '-51.52');
INSERT INTO `player_rating_log` VALUES ('1', '92', '-30.98');
INSERT INTO `player_rating_log` VALUES ('1', '93', '-12.66');
INSERT INTO `player_rating_log` VALUES ('1', '94', '-29.31');
INSERT INTO `player_rating_log` VALUES ('1', '95', '-44.00');
INSERT INTO `player_rating_log` VALUES ('1', '96', '-66.70');
INSERT INTO `player_rating_log` VALUES ('1', '97', '-45.49');
INSERT INTO `player_rating_log` VALUES ('1', '98', '-27.82');
INSERT INTO `player_rating_log` VALUES ('1', '99', '-5.81');
INSERT INTO `player_rating_log` VALUES ('1', '100', '19.37');
INSERT INTO `player_rating_log` VALUES ('1', '101', '6.21');
INSERT INTO `player_rating_log` VALUES ('1', '102', '26.11');
INSERT INTO `player_rating_log` VALUES ('1', '103', '44.88');
INSERT INTO `player_rating_log` VALUES ('1', '104', '64.37');
INSERT INTO `player_rating_log` VALUES ('1', '105', '80.07');
INSERT INTO `player_rating_log` VALUES ('1', '106', '66.34');
INSERT INTO `player_rating_log` VALUES ('1', '107', '50.82');
INSERT INTO `player_rating_log` VALUES ('1', '108', '68.44');
INSERT INTO `player_rating_log` VALUES ('1', '109', '85.08');
INSERT INTO `player_rating_log` VALUES ('1', '110', '100.45');
INSERT INTO `player_rating_log` VALUES ('1', '111', '116.29');
INSERT INTO `player_rating_log` VALUES ('1', '112', '103.95');
INSERT INTO `player_rating_log` VALUES ('1', '113', '90.09');
INSERT INTO `player_rating_log` VALUES ('1', '114', '105.79');
INSERT INTO `player_rating_log` VALUES ('1', '115', '120.55');
INSERT INTO `player_rating_log` VALUES ('1', '116', '134.28');
INSERT INTO `player_rating_log` VALUES ('1', '117', '148.41');
INSERT INTO `player_rating_log` VALUES ('1', '118', '175.96');
INSERT INTO `player_rating_log` VALUES ('1', '119', '164.80');
INSERT INTO `player_rating_log` VALUES ('1', '120', '138.01');
INSERT INTO `player_rating_log` VALUES ('1', '121', '112.03');
INSERT INTO `player_rating_log` VALUES ('1', '122', '123.12');
INSERT INTO `player_rating_log` VALUES ('1', '123', '97.15');
INSERT INTO `player_rating_log` VALUES ('1', '124', '111.25');
INSERT INTO `player_rating_log` VALUES ('1', '125', '127.18');
INSERT INTO `player_rating_log` VALUES ('1', '128', '112.67');
INSERT INTO `player_rating_log` VALUES ('1', '129', '99.31');
INSERT INTO `player_rating_log` VALUES ('1', '130', '115.38');
INSERT INTO `player_rating_log` VALUES ('1', '131', '132.22');
INSERT INTO `player_rating_log` VALUES ('1', '132', '114.74');
INSERT INTO `player_rating_log` VALUES ('1', '133', '129.28');
INSERT INTO `player_rating_log` VALUES ('1', '134', '111.82');
INSERT INTO `player_rating_log` VALUES ('1', '135', '100.01');
INSERT INTO `player_rating_log` VALUES ('1', '136', '81.48');
INSERT INTO `player_rating_log` VALUES ('1', '137', '66.58');
INSERT INTO `player_rating_log` VALUES ('1', '138', '80.06');
INSERT INTO `player_rating_log` VALUES ('1', '139', '98.44');
INSERT INTO `player_rating_log` VALUES ('1', '140', '116.96');
INSERT INTO `player_rating_log` VALUES ('1', '141', '131.99');
INSERT INTO `player_rating_log` VALUES ('1', '142', '118.58');
INSERT INTO `player_rating_log` VALUES ('1', '143', '108.42');
INSERT INTO `player_rating_log` VALUES ('1', '144', '121.86');
INSERT INTO `player_rating_log` VALUES ('1', '145', '138.29');
INSERT INTO `player_rating_log` VALUES ('1', '146', '162.60');
INSERT INTO `player_rating_log` VALUES ('1', '147', '149.78');
INSERT INTO `player_rating_log` VALUES ('1', '148', '131.09');
INSERT INTO `player_rating_log` VALUES ('1', '149', '119.75');
INSERT INTO `player_rating_log` VALUES ('1', '150', '103.03');
INSERT INTO `player_rating_log` VALUES ('1', '151', '92.83');
INSERT INTO `player_rating_log` VALUES ('1', '160', '117.95');
INSERT INTO `player_rating_log` VALUES ('1', '161', '108.62');
INSERT INTO `player_rating_log` VALUES ('1', '162', '82.05');
INSERT INTO `player_rating_log` VALUES ('1', '163', '105.97');
INSERT INTO `player_rating_log` VALUES ('1', '164', '125.39');
INSERT INTO `player_rating_log` VALUES ('1', '165', '106.65');
INSERT INTO `player_rating_log` VALUES ('1', '170', '89.11');
INSERT INTO `player_rating_log` VALUES ('1', '171', '76.11');
INSERT INTO `player_rating_log` VALUES ('1', '172', '93.30');
INSERT INTO `player_rating_log` VALUES ('1', '173', '108.71');
INSERT INTO `player_rating_log` VALUES ('1', '174', '127.04');
INSERT INTO `player_rating_log` VALUES ('1', '175', '148.00');
INSERT INTO `player_rating_log` VALUES ('1', '176', '171.15');
INSERT INTO `player_rating_log` VALUES ('1', '177', '198.57');
INSERT INTO `player_rating_log` VALUES ('1', '178', '221.29');
INSERT INTO `player_rating_log` VALUES ('1', '179', '238.12');
INSERT INTO `player_rating_log` VALUES ('1', '180', '218.24');
INSERT INTO `player_rating_log` VALUES ('1', '181', '233.22');
INSERT INTO `player_rating_log` VALUES ('1', '182', '245.47');
INSERT INTO `player_rating_log` VALUES ('1', '183', '258.80');
INSERT INTO `player_rating_log` VALUES ('1', '184', '241.98');
INSERT INTO `player_rating_log` VALUES ('1', '185', '233.85');
INSERT INTO `player_rating_log` VALUES ('1', '188', '246.86');
INSERT INTO `player_rating_log` VALUES ('1', '189', '256.30');
INSERT INTO `player_rating_log` VALUES ('1', '190', '275.45');
INSERT INTO `player_rating_log` VALUES ('1', '191', '247.47');
INSERT INTO `player_rating_log` VALUES ('1', '192', '224.60');
INSERT INTO `player_rating_log` VALUES ('1', '193', '242.04');
INSERT INTO `player_rating_log` VALUES ('2', '3', '20.00');
INSERT INTO `player_rating_log` VALUES ('2', '4', '0.00');
INSERT INTO `player_rating_log` VALUES ('2', '7', '-20.00');
INSERT INTO `player_rating_log` VALUES ('2', '8', '0.00');
INSERT INTO `player_rating_log` VALUES ('2', '9', '21.15');
INSERT INTO `player_rating_log` VALUES ('2', '10', '40.00');
INSERT INTO `player_rating_log` VALUES ('2', '19', '18.92');
INSERT INTO `player_rating_log` VALUES ('2', '20', '2.28');
INSERT INTO `player_rating_log` VALUES ('2', '21', '21.20');
INSERT INTO `player_rating_log` VALUES ('2', '22', '40.12');
INSERT INTO `player_rating_log` VALUES ('2', '29', '22.47');
INSERT INTO `player_rating_log` VALUES ('2', '30', '4.33');
INSERT INTO `player_rating_log` VALUES ('2', '33', '25.67');
INSERT INTO `player_rating_log` VALUES ('2', '34', '48.02');
INSERT INTO `player_rating_log` VALUES ('2', '37', '68.93');
INSERT INTO `player_rating_log` VALUES ('2', '38', '85.17');
INSERT INTO `player_rating_log` VALUES ('2', '39', '105.14');
INSERT INTO `player_rating_log` VALUES ('2', '40', '122.72');
INSERT INTO `player_rating_log` VALUES ('2', '41', '103.74');
INSERT INTO `player_rating_log` VALUES ('2', '42', '124.89');
INSERT INTO `player_rating_log` VALUES ('2', '43', '103.61');
INSERT INTO `player_rating_log` VALUES ('2', '44', '81.38');
INSERT INTO `player_rating_log` VALUES ('2', '45', '101.44');
INSERT INTO `player_rating_log` VALUES ('2', '46', '123.47');
INSERT INTO `player_rating_log` VALUES ('2', '47', '147.20');
INSERT INTO `player_rating_log` VALUES ('2', '48', '126.70');
INSERT INTO `player_rating_log` VALUES ('2', '49', '147.74');
INSERT INTO `player_rating_log` VALUES ('2', '56', '171.85');
INSERT INTO `player_rating_log` VALUES ('2', '57', '154.03');
INSERT INTO `player_rating_log` VALUES ('2', '58', '173.06');
INSERT INTO `player_rating_log` VALUES ('2', '59', '194.40');
INSERT INTO `player_rating_log` VALUES ('2', '60', '213.71');
INSERT INTO `player_rating_log` VALUES ('2', '61', '230.58');
INSERT INTO `player_rating_log` VALUES ('2', '62', '247.44');
INSERT INTO `player_rating_log` VALUES ('2', '63', '226.32');
INSERT INTO `player_rating_log` VALUES ('2', '64', '246.29');
INSERT INTO `player_rating_log` VALUES ('2', '65', '225.82');
INSERT INTO `player_rating_log` VALUES ('2', '66', '247.11');
INSERT INTO `player_rating_log` VALUES ('2', '67', '226.21');
INSERT INTO `player_rating_log` VALUES ('2', '68', '246.21');
INSERT INTO `player_rating_log` VALUES ('2', '69', '266.21');
INSERT INTO `player_rating_log` VALUES ('2', '94', '282.86');
INSERT INTO `player_rating_log` VALUES ('2', '95', '297.55');
INSERT INTO `player_rating_log` VALUES ('2', '96', '274.85');
INSERT INTO `player_rating_log` VALUES ('2', '97', '296.06');
INSERT INTO `player_rating_log` VALUES ('2', '98', '278.39');
INSERT INTO `player_rating_log` VALUES ('2', '99', '256.38');
INSERT INTO `player_rating_log` VALUES ('2', '100', '231.20');
INSERT INTO `player_rating_log` VALUES ('2', '101', '244.36');
INSERT INTO `player_rating_log` VALUES ('2', '102', '264.26');
INSERT INTO `player_rating_log` VALUES ('2', '103', '283.03');
INSERT INTO `player_rating_log` VALUES ('2', '104', '263.54');
INSERT INTO `player_rating_log` VALUES ('2', '105', '247.84');
INSERT INTO `player_rating_log` VALUES ('2', '106', '261.57');
INSERT INTO `player_rating_log` VALUES ('2', '107', '277.09');
INSERT INTO `player_rating_log` VALUES ('2', '108', '294.71');
INSERT INTO `player_rating_log` VALUES ('2', '109', '311.35');
INSERT INTO `player_rating_log` VALUES ('2', '110', '295.98');
INSERT INTO `player_rating_log` VALUES ('2', '111', '280.14');
INSERT INTO `player_rating_log` VALUES ('2', '112', '292.48');
INSERT INTO `player_rating_log` VALUES ('2', '113', '306.34');
INSERT INTO `player_rating_log` VALUES ('2', '114', '322.04');
INSERT INTO `player_rating_log` VALUES ('2', '115', '336.80');
INSERT INTO `player_rating_log` VALUES ('2', '116', '323.07');
INSERT INTO `player_rating_log` VALUES ('2', '117', '308.94');
INSERT INTO `player_rating_log` VALUES ('2', '118', '281.39');
INSERT INTO `player_rating_log` VALUES ('2', '119', '292.55');
INSERT INTO `player_rating_log` VALUES ('2', '120', '265.76');
INSERT INTO `player_rating_log` VALUES ('2', '121', '239.78');
INSERT INTO `player_rating_log` VALUES ('2', '122', '228.69');
INSERT INTO `player_rating_log` VALUES ('2', '123', '254.66');
INSERT INTO `player_rating_log` VALUES ('2', '124', '240.56');
INSERT INTO `player_rating_log` VALUES ('2', '125', '224.63');
INSERT INTO `player_rating_log` VALUES ('2', '126', '240.20');
INSERT INTO `player_rating_log` VALUES ('2', '127', '252.53');
INSERT INTO `player_rating_log` VALUES ('2', '130', '268.60');
INSERT INTO `player_rating_log` VALUES ('2', '131', '285.44');
INSERT INTO `player_rating_log` VALUES ('2', '132', '302.92');
INSERT INTO `player_rating_log` VALUES ('2', '133', '288.38');
INSERT INTO `player_rating_log` VALUES ('2', '134', '305.84');
INSERT INTO `player_rating_log` VALUES ('2', '135', '317.65');
INSERT INTO `player_rating_log` VALUES ('2', '136', '336.18');
INSERT INTO `player_rating_log` VALUES ('2', '137', '351.08');
INSERT INTO `player_rating_log` VALUES ('2', '138', '364.56');
INSERT INTO `player_rating_log` VALUES ('2', '139', '382.94');
INSERT INTO `player_rating_log` VALUES ('2', '140', '364.42');
INSERT INTO `player_rating_log` VALUES ('2', '141', '349.39');
INSERT INTO `player_rating_log` VALUES ('2', '142', '362.80');
INSERT INTO `player_rating_log` VALUES ('2', '143', '372.96');
INSERT INTO `player_rating_log` VALUES ('2', '144', '359.52');
INSERT INTO `player_rating_log` VALUES ('2', '145', '343.09');
INSERT INTO `player_rating_log` VALUES ('2', '146', '318.78');
INSERT INTO `player_rating_log` VALUES ('2', '147', '331.60');
INSERT INTO `player_rating_log` VALUES ('2', '148', '350.29');
INSERT INTO `player_rating_log` VALUES ('2', '149', '361.63');
INSERT INTO `player_rating_log` VALUES ('2', '150', '378.35');
INSERT INTO `player_rating_log` VALUES ('2', '151', '388.55');
INSERT INTO `player_rating_log` VALUES ('2', '152', '407.41');
INSERT INTO `player_rating_log` VALUES ('2', '153', '420.55');
INSERT INTO `player_rating_log` VALUES ('2', '156', '440.84');
INSERT INTO `player_rating_log` VALUES ('2', '157', '461.59');
INSERT INTO `player_rating_log` VALUES ('2', '158', '486.44');
INSERT INTO `player_rating_log` VALUES ('2', '159', '505.64');
INSERT INTO `player_rating_log` VALUES ('2', '160', '480.52');
INSERT INTO `player_rating_log` VALUES ('2', '161', '489.85');
INSERT INTO `player_rating_log` VALUES ('2', '162', '516.42');
INSERT INTO `player_rating_log` VALUES ('2', '163', '492.50');
INSERT INTO `player_rating_log` VALUES ('2', '164', '511.92');
INSERT INTO `player_rating_log` VALUES ('2', '165', '493.18');
INSERT INTO `player_rating_log` VALUES ('2', '166', '511.84');
INSERT INTO `player_rating_log` VALUES ('2', '167', '490.01');
INSERT INTO `player_rating_log` VALUES ('2', '168', '506.56');
INSERT INTO `player_rating_log` VALUES ('2', '169', '527.24');
INSERT INTO `player_rating_log` VALUES ('2', '170', '544.78');
INSERT INTO `player_rating_log` VALUES ('2', '171', '557.78');
INSERT INTO `player_rating_log` VALUES ('2', '172', '540.59');
INSERT INTO `player_rating_log` VALUES ('2', '173', '525.18');
INSERT INTO `player_rating_log` VALUES ('2', '176', '502.03');
INSERT INTO `player_rating_log` VALUES ('2', '177', '474.61');
INSERT INTO `player_rating_log` VALUES ('2', '178', '451.89');
INSERT INTO `player_rating_log` VALUES ('2', '179', '435.06');
INSERT INTO `player_rating_log` VALUES ('2', '180', '454.94');
INSERT INTO `player_rating_log` VALUES ('2', '181', '439.96');
INSERT INTO `player_rating_log` VALUES ('2', '182', '452.21');
INSERT INTO `player_rating_log` VALUES ('2', '183', '465.54');
INSERT INTO `player_rating_log` VALUES ('2', '184', '482.36');
INSERT INTO `player_rating_log` VALUES ('2', '185', '490.49');
INSERT INTO `player_rating_log` VALUES ('2', '186', '501.32');
INSERT INTO `player_rating_log` VALUES ('2', '187', '507.64');
INSERT INTO `player_rating_log` VALUES ('2', '188', '520.65');
INSERT INTO `player_rating_log` VALUES ('2', '189', '530.09');
INSERT INTO `player_rating_log` VALUES ('2', '192', '552.96');
INSERT INTO `player_rating_log` VALUES ('2', '193', '535.52');
INSERT INTO `player_rating_log` VALUES ('2', '194', '514.82');
INSERT INTO `player_rating_log` VALUES ('2', '195', '542.89');
INSERT INTO `player_rating_log` VALUES ('3', '5', '-20.00');
INSERT INTO `player_rating_log` VALUES ('3', '6', '-40.00');
INSERT INTO `player_rating_log` VALUES ('3', '11', '-20.00');
INSERT INTO `player_rating_log` VALUES ('3', '12', '0.00');
INSERT INTO `player_rating_log` VALUES ('3', '13', '-20.00');
INSERT INTO `player_rating_log` VALUES ('3', '14', '0.00');
INSERT INTO `player_rating_log` VALUES ('3', '15', '18.85');
INSERT INTO `player_rating_log` VALUES ('3', '16', '37.70');
INSERT INTO `player_rating_log` VALUES ('3', '17', '18.85');
INSERT INTO `player_rating_log` VALUES ('3', '18', '-2.30');
INSERT INTO `player_rating_log` VALUES ('3', '29', '-19.95');
INSERT INTO `player_rating_log` VALUES ('3', '30', '-38.09');
INSERT INTO `player_rating_log` VALUES ('3', '33', '-16.75');
INSERT INTO `player_rating_log` VALUES ('3', '34', '5.60');
INSERT INTO `player_rating_log` VALUES ('3', '37', '26.51');
INSERT INTO `player_rating_log` VALUES ('3', '38', '42.75');
INSERT INTO `player_rating_log` VALUES ('3', '39', '62.72');
INSERT INTO `player_rating_log` VALUES ('3', '40', '80.30');
INSERT INTO `player_rating_log` VALUES ('3', '41', '99.28');
INSERT INTO `player_rating_log` VALUES ('3', '42', '78.13');
INSERT INTO `player_rating_log` VALUES ('3', '43', '99.41');
INSERT INTO `player_rating_log` VALUES ('3', '44', '121.64');
INSERT INTO `player_rating_log` VALUES ('3', '45', '101.58');
INSERT INTO `player_rating_log` VALUES ('3', '50', '121.45');
INSERT INTO `player_rating_log` VALUES ('3', '51', '141.45');
INSERT INTO `player_rating_log` VALUES ('3', '52', '158.15');
INSERT INTO `player_rating_log` VALUES ('3', '53', '175.92');
INSERT INTO `player_rating_log` VALUES ('3', '54', '155.01');
INSERT INTO `player_rating_log` VALUES ('3', '55', '176.89');
INSERT INTO `player_rating_log` VALUES ('3', '56', '152.78');
INSERT INTO `player_rating_log` VALUES ('3', '57', '170.60');
INSERT INTO `player_rating_log` VALUES ('3', '58', '151.57');
INSERT INTO `player_rating_log` VALUES ('3', '59', '130.23');
INSERT INTO `player_rating_log` VALUES ('3', '60', '149.54');
INSERT INTO `player_rating_log` VALUES ('3', '61', '166.41');
INSERT INTO `player_rating_log` VALUES ('3', '62', '149.55');
INSERT INTO `player_rating_log` VALUES ('3', '63', '170.67');
INSERT INTO `player_rating_log` VALUES ('3', '70', '151.75');
INSERT INTO `player_rating_log` VALUES ('3', '78', '172.97');
INSERT INTO `player_rating_log` VALUES ('3', '79', '154.65');
INSERT INTO `player_rating_log` VALUES ('3', '80', '173.96');
INSERT INTO `player_rating_log` VALUES ('3', '92', '153.42');
INSERT INTO `player_rating_log` VALUES ('3', '93', '135.10');
INSERT INTO `player_rating_log` VALUES ('3', '94', '151.75');
INSERT INTO `player_rating_log` VALUES ('3', '95', '166.44');
INSERT INTO `player_rating_log` VALUES ('3', '96', '189.14');
INSERT INTO `player_rating_log` VALUES ('3', '97', '167.93');
INSERT INTO `player_rating_log` VALUES ('3', '98', '185.60');
INSERT INTO `player_rating_log` VALUES ('3', '99', '207.61');
INSERT INTO `player_rating_log` VALUES ('3', '100', '182.43');
INSERT INTO `player_rating_log` VALUES ('3', '101', '195.59');
INSERT INTO `player_rating_log` VALUES ('3', '102', '175.69');
INSERT INTO `player_rating_log` VALUES ('3', '103', '156.92');
INSERT INTO `player_rating_log` VALUES ('3', '104', '176.41');
INSERT INTO `player_rating_log` VALUES ('3', '105', '192.11');
INSERT INTO `player_rating_log` VALUES ('3', '106', '205.84');
INSERT INTO `player_rating_log` VALUES ('3', '107', '221.36');
INSERT INTO `player_rating_log` VALUES ('3', '108', '203.74');
INSERT INTO `player_rating_log` VALUES ('3', '109', '187.10');
INSERT INTO `player_rating_log` VALUES ('3', '110', '202.47');
INSERT INTO `player_rating_log` VALUES ('3', '111', '218.31');
INSERT INTO `player_rating_log` VALUES ('3', '112', '230.65');
INSERT INTO `player_rating_log` VALUES ('3', '113', '244.51');
INSERT INTO `player_rating_log` VALUES ('3', '114', '228.81');
INSERT INTO `player_rating_log` VALUES ('3', '115', '214.05');
INSERT INTO `player_rating_log` VALUES ('3', '116', '227.78');
INSERT INTO `player_rating_log` VALUES ('3', '117', '241.91');
INSERT INTO `player_rating_log` VALUES ('3', '118', '214.36');
INSERT INTO `player_rating_log` VALUES ('3', '119', '225.52');
INSERT INTO `player_rating_log` VALUES ('3', '120', '252.31');
INSERT INTO `player_rating_log` VALUES ('3', '121', '278.29');
INSERT INTO `player_rating_log` VALUES ('3', '122', '289.38');
INSERT INTO `player_rating_log` VALUES ('3', '123', '263.41');
INSERT INTO `player_rating_log` VALUES ('3', '126', '278.98');
INSERT INTO `player_rating_log` VALUES ('3', '127', '291.31');
INSERT INTO `player_rating_log` VALUES ('3', '128', '305.82');
INSERT INTO `player_rating_log` VALUES ('3', '129', '319.18');
INSERT INTO `player_rating_log` VALUES ('3', '130', '303.11');
INSERT INTO `player_rating_log` VALUES ('3', '131', '286.27');
INSERT INTO `player_rating_log` VALUES ('3', '132', '268.79');
INSERT INTO `player_rating_log` VALUES ('3', '133', '283.33');
INSERT INTO `player_rating_log` VALUES ('3', '136', '301.86');
INSERT INTO `player_rating_log` VALUES ('3', '137', '316.76');
INSERT INTO `player_rating_log` VALUES ('3', '138', '303.28');
INSERT INTO `player_rating_log` VALUES ('3', '139', '284.90');
INSERT INTO `player_rating_log` VALUES ('3', '140', '303.42');
INSERT INTO `player_rating_log` VALUES ('3', '141', '318.45');
INSERT INTO `player_rating_log` VALUES ('3', '142', '331.86');
INSERT INTO `player_rating_log` VALUES ('3', '143', '342.02');
INSERT INTO `player_rating_log` VALUES ('3', '144', '355.46');
INSERT INTO `player_rating_log` VALUES ('3', '145', '371.89');
INSERT INTO `player_rating_log` VALUES ('3', '146', '347.58');
INSERT INTO `player_rating_log` VALUES ('3', '147', '360.40');
INSERT INTO `player_rating_log` VALUES ('3', '148', '379.09');
INSERT INTO `player_rating_log` VALUES ('3', '149', '390.43');
INSERT INTO `player_rating_log` VALUES ('3', '150', '407.15');
INSERT INTO `player_rating_log` VALUES ('3', '151', '417.35');
INSERT INTO `player_rating_log` VALUES ('3', '152', '398.49');
INSERT INTO `player_rating_log` VALUES ('3', '153', '385.35');
INSERT INTO `player_rating_log` VALUES ('3', '154', '365.12');
INSERT INTO `player_rating_log` VALUES ('3', '155', '385.07');
INSERT INTO `player_rating_log` VALUES ('3', '160', '359.95');
INSERT INTO `player_rating_log` VALUES ('3', '161', '369.28');
INSERT INTO `player_rating_log` VALUES ('3', '162', '342.71');
INSERT INTO `player_rating_log` VALUES ('3', '163', '366.63');
INSERT INTO `player_rating_log` VALUES ('3', '164', '347.21');
INSERT INTO `player_rating_log` VALUES ('3', '165', '365.95');
INSERT INTO `player_rating_log` VALUES ('3', '184', '382.77');
INSERT INTO `player_rating_log` VALUES ('3', '185', '390.90');
INSERT INTO `player_rating_log` VALUES ('3', '186', '401.73');
INSERT INTO `player_rating_log` VALUES ('3', '187', '408.05');
INSERT INTO `player_rating_log` VALUES ('3', '190', '388.90');
INSERT INTO `player_rating_log` VALUES ('3', '191', '416.88');
INSERT INTO `player_rating_log` VALUES ('3', '192', '394.01');
INSERT INTO `player_rating_log` VALUES ('3', '193', '411.45');
INSERT INTO `player_rating_log` VALUES ('3', '194', '432.15');
INSERT INTO `player_rating_log` VALUES ('3', '195', '404.08');
INSERT INTO `player_rating_log` VALUES ('4', '3', '-20.00');
INSERT INTO `player_rating_log` VALUES ('4', '4', '0.00');
INSERT INTO `player_rating_log` VALUES ('4', '7', '20.00');
INSERT INTO `player_rating_log` VALUES ('4', '8', '0.00');
INSERT INTO `player_rating_log` VALUES ('4', '9', '-21.15');
INSERT INTO `player_rating_log` VALUES ('4', '10', '-40.00');
INSERT INTO `player_rating_log` VALUES ('4', '11', '-20.00');
INSERT INTO `player_rating_log` VALUES ('4', '12', '0.00');
INSERT INTO `player_rating_log` VALUES ('4', '13', '20.00');
INSERT INTO `player_rating_log` VALUES ('4', '14', '0.00');
INSERT INTO `player_rating_log` VALUES ('4', '15', '18.85');
INSERT INTO `player_rating_log` VALUES ('4', '16', '37.70');
INSERT INTO `player_rating_log` VALUES ('4', '17', '56.55');
INSERT INTO `player_rating_log` VALUES ('4', '18', '77.70');
INSERT INTO `player_rating_log` VALUES ('4', '19', '98.78');
INSERT INTO `player_rating_log` VALUES ('4', '20', '115.42');
INSERT INTO `player_rating_log` VALUES ('4', '21', '134.34');
INSERT INTO `player_rating_log` VALUES ('4', '22', '153.26');
INSERT INTO `player_rating_log` VALUES ('4', '23', '171.98');
INSERT INTO `player_rating_log` VALUES ('4', '24', '148.81');
INSERT INTO `player_rating_log` VALUES ('4', '25', '166.71');
INSERT INTO `player_rating_log` VALUES ('4', '26', '146.77');
INSERT INTO `player_rating_log` VALUES ('4', '29', '164.42');
INSERT INTO `player_rating_log` VALUES ('4', '30', '182.56');
INSERT INTO `player_rating_log` VALUES ('4', '31', '158.18');
INSERT INTO `player_rating_log` VALUES ('4', '32', '136.61');
INSERT INTO `player_rating_log` VALUES ('4', '35', '114.32');
INSERT INTO `player_rating_log` VALUES ('4', '36', '94.32');
INSERT INTO `player_rating_log` VALUES ('4', '37', '73.41');
INSERT INTO `player_rating_log` VALUES ('4', '38', '57.17');
INSERT INTO `player_rating_log` VALUES ('4', '41', '76.15');
INSERT INTO `player_rating_log` VALUES ('4', '42', '55.00');
INSERT INTO `player_rating_log` VALUES ('4', '43', '76.28');
INSERT INTO `player_rating_log` VALUES ('4', '44', '54.05');
INSERT INTO `player_rating_log` VALUES ('4', '45', '74.11');
INSERT INTO `player_rating_log` VALUES ('4', '46', '52.08');
INSERT INTO `player_rating_log` VALUES ('4', '47', '28.35');
INSERT INTO `player_rating_log` VALUES ('4', '48', '48.85');
INSERT INTO `player_rating_log` VALUES ('4', '49', '27.81');
INSERT INTO `player_rating_log` VALUES ('4', '50', '7.94');
INSERT INTO `player_rating_log` VALUES ('4', '51', '-12.06');
INSERT INTO `player_rating_log` VALUES ('4', '52', '4.64');
INSERT INTO `player_rating_log` VALUES ('4', '53', '22.41');
INSERT INTO `player_rating_log` VALUES ('4', '54', '43.32');
INSERT INTO `player_rating_log` VALUES ('4', '55', '21.44');
INSERT INTO `player_rating_log` VALUES ('4', '56', '-2.67');
INSERT INTO `player_rating_log` VALUES ('4', '57', '15.15');
INSERT INTO `player_rating_log` VALUES ('4', '58', '34.18');
INSERT INTO `player_rating_log` VALUES ('4', '59', '55.52');
INSERT INTO `player_rating_log` VALUES ('4', '60', '36.21');
INSERT INTO `player_rating_log` VALUES ('4', '61', '19.34');
INSERT INTO `player_rating_log` VALUES ('4', '62', '36.20');
INSERT INTO `player_rating_log` VALUES ('4', '63', '15.08');
INSERT INTO `player_rating_log` VALUES ('4', '79', '33.40');
INSERT INTO `player_rating_log` VALUES ('4', '80', '14.09');
INSERT INTO `player_rating_log` VALUES ('4', '81', '38.55');
INSERT INTO `player_rating_log` VALUES ('4', '82', '18.74');
INSERT INTO `player_rating_log` VALUES ('4', '84', '40.95');
INSERT INTO `player_rating_log` VALUES ('4', '85', '21.27');
INSERT INTO `player_rating_log` VALUES ('4', '86', '0.24');
INSERT INTO `player_rating_log` VALUES ('4', '87', '-22.94');
INSERT INTO `player_rating_log` VALUES ('4', '88', '-1.15');
INSERT INTO `player_rating_log` VALUES ('4', '89', '18.28');
INSERT INTO `player_rating_log` VALUES ('4', '90', '-4.73');
INSERT INTO `player_rating_log` VALUES ('4', '91', '16.60');
INSERT INTO `player_rating_log` VALUES ('4', '92', '37.14');
INSERT INTO `player_rating_log` VALUES ('4', '93', '55.46');
INSERT INTO `player_rating_log` VALUES ('4', '124', '69.56');
INSERT INTO `player_rating_log` VALUES ('4', '125', '85.49');
INSERT INTO `player_rating_log` VALUES ('4', '126', '69.92');
INSERT INTO `player_rating_log` VALUES ('4', '127', '57.59');
INSERT INTO `player_rating_log` VALUES ('4', '128', '72.10');
INSERT INTO `player_rating_log` VALUES ('4', '129', '85.46');
INSERT INTO `player_rating_log` VALUES ('4', '132', '102.94');
INSERT INTO `player_rating_log` VALUES ('4', '133', '88.40');
INSERT INTO `player_rating_log` VALUES ('4', '134', '105.86');
INSERT INTO `player_rating_log` VALUES ('4', '135', '117.67');
INSERT INTO `player_rating_log` VALUES ('4', '136', '99.14');
INSERT INTO `player_rating_log` VALUES ('4', '137', '84.24');
INSERT INTO `player_rating_log` VALUES ('4', '146', '108.55');
INSERT INTO `player_rating_log` VALUES ('4', '147', '95.73');
INSERT INTO `player_rating_log` VALUES ('4', '148', '77.04');
INSERT INTO `player_rating_log` VALUES ('4', '149', '65.70');
INSERT INTO `player_rating_log` VALUES ('4', '150', '48.98');
INSERT INTO `player_rating_log` VALUES ('4', '151', '38.78');
INSERT INTO `player_rating_log` VALUES ('4', '152', '57.64');
INSERT INTO `player_rating_log` VALUES ('4', '153', '70.78');
INSERT INTO `player_rating_log` VALUES ('4', '154', '91.01');
INSERT INTO `player_rating_log` VALUES ('4', '155', '71.06');
INSERT INTO `player_rating_log` VALUES ('4', '156', '50.77');
INSERT INTO `player_rating_log` VALUES ('4', '157', '30.02');
INSERT INTO `player_rating_log` VALUES ('4', '158', '5.17');
INSERT INTO `player_rating_log` VALUES ('4', '159', '-14.03');
INSERT INTO `player_rating_log` VALUES ('4', '160', '11.09');
INSERT INTO `player_rating_log` VALUES ('4', '161', '1.76');
INSERT INTO `player_rating_log` VALUES ('4', '162', '28.33');
INSERT INTO `player_rating_log` VALUES ('4', '163', '4.41');
INSERT INTO `player_rating_log` VALUES ('4', '164', '-15.01');
INSERT INTO `player_rating_log` VALUES ('4', '165', '3.73');
INSERT INTO `player_rating_log` VALUES ('4', '166', '-14.93');
INSERT INTO `player_rating_log` VALUES ('4', '167', '6.90');
INSERT INTO `player_rating_log` VALUES ('4', '168', '-9.65');
INSERT INTO `player_rating_log` VALUES ('4', '169', '-30.33');
INSERT INTO `player_rating_log` VALUES ('4', '172', '-13.14');
INSERT INTO `player_rating_log` VALUES ('4', '173', '2.27');
INSERT INTO `player_rating_log` VALUES ('4', '174', '-16.06');
INSERT INTO `player_rating_log` VALUES ('4', '175', '-37.02');
INSERT INTO `player_rating_log` VALUES ('4', '176', '-60.17');
INSERT INTO `player_rating_log` VALUES ('4', '177', '-87.59');
INSERT INTO `player_rating_log` VALUES ('4', '178', '-64.87');
INSERT INTO `player_rating_log` VALUES ('4', '179', '-48.04');
INSERT INTO `player_rating_log` VALUES ('4', '180', '-67.92');
INSERT INTO `player_rating_log` VALUES ('4', '181', '-52.94');
INSERT INTO `player_rating_log` VALUES ('4', '182', '-65.19');
INSERT INTO `player_rating_log` VALUES ('4', '183', '-78.52');
INSERT INTO `player_rating_log` VALUES ('4', '186', '-89.35');
INSERT INTO `player_rating_log` VALUES ('4', '187', '-95.67');
INSERT INTO `player_rating_log` VALUES ('4', '188', '-108.68');
INSERT INTO `player_rating_log` VALUES ('4', '189', '-118.12');
INSERT INTO `player_rating_log` VALUES ('4', '190', '-98.97');
INSERT INTO `player_rating_log` VALUES ('4', '191', '-126.95');
INSERT INTO `player_rating_log` VALUES ('4', '192', '-104.08');
INSERT INTO `player_rating_log` VALUES ('4', '193', '-121.52');
INSERT INTO `player_rating_log` VALUES ('4', '194', '-100.82');
INSERT INTO `player_rating_log` VALUES ('4', '195', '-128.89');
INSERT INTO `player_rating_log` VALUES ('5', '3', '20.00');
INSERT INTO `player_rating_log` VALUES ('5', '4', '0.00');
INSERT INTO `player_rating_log` VALUES ('5', '13', '20.00');
INSERT INTO `player_rating_log` VALUES ('5', '14', '0.00');
INSERT INTO `player_rating_log` VALUES ('5', '15', '-18.85');
INSERT INTO `player_rating_log` VALUES ('5', '16', '-37.70');
INSERT INTO `player_rating_log` VALUES ('5', '17', '-56.55');
INSERT INTO `player_rating_log` VALUES ('5', '18', '-77.70');
INSERT INTO `player_rating_log` VALUES ('5', '19', '-98.78');
INSERT INTO `player_rating_log` VALUES ('5', '20', '-115.42');
INSERT INTO `player_rating_log` VALUES ('5', '21', '-134.34');
INSERT INTO `player_rating_log` VALUES ('5', '22', '-153.26');
INSERT INTO `player_rating_log` VALUES ('5', '23', '-171.98');
INSERT INTO `player_rating_log` VALUES ('5', '24', '-148.81');
INSERT INTO `player_rating_log` VALUES ('5', '25', '-166.71');
INSERT INTO `player_rating_log` VALUES ('5', '26', '-146.77');
INSERT INTO `player_rating_log` VALUES ('5', '31', '-122.39');
INSERT INTO `player_rating_log` VALUES ('5', '32', '-100.82');
INSERT INTO `player_rating_log` VALUES ('5', '33', '-122.16');
INSERT INTO `player_rating_log` VALUES ('5', '34', '-144.51');
INSERT INTO `player_rating_log` VALUES ('5', '35', '-166.80');
INSERT INTO `player_rating_log` VALUES ('5', '36', '-186.80');
INSERT INTO `player_rating_log` VALUES ('5', '37', '-207.71');
INSERT INTO `player_rating_log` VALUES ('5', '38', '-223.95');
INSERT INTO `player_rating_log` VALUES ('5', '46', '-201.92');
INSERT INTO `player_rating_log` VALUES ('5', '47', '-178.19');
INSERT INTO `player_rating_log` VALUES ('5', '48', '-198.69');
INSERT INTO `player_rating_log` VALUES ('5', '49', '-177.65');
INSERT INTO `player_rating_log` VALUES ('5', '64', '-157.68');
INSERT INTO `player_rating_log` VALUES ('5', '65', '-178.15');
INSERT INTO `player_rating_log` VALUES ('5', '66', '-199.44');
INSERT INTO `player_rating_log` VALUES ('5', '67', '-178.54');
INSERT INTO `player_rating_log` VALUES ('5', '68', '-198.54');
INSERT INTO `player_rating_log` VALUES ('5', '69', '-218.54');
INSERT INTO `player_rating_log` VALUES ('5', '70', '-237.46');
INSERT INTO `player_rating_log` VALUES ('5', '78', '-216.24');
INSERT INTO `player_rating_log` VALUES ('5', '79', '-234.56');
INSERT INTO `player_rating_log` VALUES ('5', '80', '-215.25');
INSERT INTO `player_rating_log` VALUES ('5', '84', '-193.04');
INSERT INTO `player_rating_log` VALUES ('5', '85', '-212.72');
INSERT INTO `player_rating_log` VALUES ('5', '86', '-191.69');
INSERT INTO `player_rating_log` VALUES ('5', '87', '-208.51');
INSERT INTO `player_rating_log` VALUES ('5', '88', '-230.30');
INSERT INTO `player_rating_log` VALUES ('5', '89', '-249.73');
INSERT INTO `player_rating_log` VALUES ('5', '90', '-226.72');
INSERT INTO `player_rating_log` VALUES ('5', '91', '-248.05');
INSERT INTO `player_rating_log` VALUES ('5', '138', '-261.53');
INSERT INTO `player_rating_log` VALUES ('5', '139', '-279.91');
INSERT INTO `player_rating_log` VALUES ('5', '140', '-298.43');
INSERT INTO `player_rating_log` VALUES ('5', '141', '-313.46');
INSERT INTO `player_rating_log` VALUES ('5', '142', '-326.87');
INSERT INTO `player_rating_log` VALUES ('5', '143', '-337.03');
INSERT INTO `player_rating_log` VALUES ('5', '144', '-350.47');
INSERT INTO `player_rating_log` VALUES ('5', '145', '-366.90');
INSERT INTO `player_rating_log` VALUES ('5', '154', '-346.67');
INSERT INTO `player_rating_log` VALUES ('5', '155', '-366.62');
INSERT INTO `player_rating_log` VALUES ('5', '156', '-346.33');
INSERT INTO `player_rating_log` VALUES ('5', '157', '-325.58');
INSERT INTO `player_rating_log` VALUES ('5', '158', '-350.43');
INSERT INTO `player_rating_log` VALUES ('5', '159', '-369.63');
INSERT INTO `player_rating_log` VALUES ('5', '166', '-350.97');
INSERT INTO `player_rating_log` VALUES ('5', '167', '-372.80');
INSERT INTO `player_rating_log` VALUES ('5', '168', '-356.25');
INSERT INTO `player_rating_log` VALUES ('5', '169', '-335.57');
INSERT INTO `player_rating_log` VALUES ('5', '170', '-318.03');
INSERT INTO `player_rating_log` VALUES ('5', '171', '-305.03');
INSERT INTO `player_rating_log` VALUES ('5', '174', '-286.70');
INSERT INTO `player_rating_log` VALUES ('5', '175', '-265.74');
INSERT INTO `player_rating_log` VALUES ('5', '176', '-242.59');
INSERT INTO `player_rating_log` VALUES ('5', '177', '-215.17');
INSERT INTO `player_rating_log` VALUES ('5', '178', '-237.89');
INSERT INTO `player_rating_log` VALUES ('5', '179', '-254.72');
INSERT INTO `player_rating_log` VALUES ('5', '180', '-234.84');
INSERT INTO `player_rating_log` VALUES ('5', '181', '-249.82');
INSERT INTO `player_rating_log` VALUES ('5', '182', '-262.07');
INSERT INTO `player_rating_log` VALUES ('5', '183', '-275.40');
INSERT INTO `player_rating_log` VALUES ('5', '184', '-292.22');
INSERT INTO `player_rating_log` VALUES ('5', '185', '-300.35');
INSERT INTO `player_rating_log` VALUES ('5', '186', '-311.18');
INSERT INTO `player_rating_log` VALUES ('5', '187', '-317.50');
INSERT INTO `player_rating_log` VALUES ('5', '188', '-330.51');
INSERT INTO `player_rating_log` VALUES ('5', '189', '-339.95');
INSERT INTO `player_rating_log` VALUES ('5', '190', '-359.10');
INSERT INTO `player_rating_log` VALUES ('5', '191', '-331.12');
INSERT INTO `player_rating_log` VALUES ('5', '194', '-351.82');
INSERT INTO `player_rating_log` VALUES ('5', '195', '-323.75');
INSERT INTO `player_rating_log` VALUES ('6', '5', '20.00');
INSERT INTO `player_rating_log` VALUES ('6', '6', '40.00');
INSERT INTO `player_rating_log` VALUES ('6', '7', '20.00');
INSERT INTO `player_rating_log` VALUES ('6', '8', '40.00');
INSERT INTO `player_rating_log` VALUES ('6', '70', '58.92');
INSERT INTO `player_rating_log` VALUES ('6', '78', '37.70');
INSERT INTO `player_rating_log` VALUES ('6', '81', '13.24');
INSERT INTO `player_rating_log` VALUES ('6', '82', '33.05');
INSERT INTO `player_rating_log` VALUES ('6', '86', '12.02');
INSERT INTO `player_rating_log` VALUES ('6', '87', '-11.16');
INSERT INTO `player_rating_log` VALUES ('6', '88', '-32.95');
INSERT INTO `player_rating_log` VALUES ('6', '89', '-52.38');
INSERT INTO `player_rating_log` VALUES ('6', '92', '-72.92');
INSERT INTO `player_rating_log` VALUES ('6', '93', '-91.24');
INSERT INTO `player_rating_log` VALUES ('7', '5', '-20.00');
INSERT INTO `player_rating_log` VALUES ('7', '6', '-40.00');
INSERT INTO `player_rating_log` VALUES ('7', '7', '-20.00');
INSERT INTO `player_rating_log` VALUES ('7', '8', '-40.00');
INSERT INTO `player_rating_log` VALUES ('7', '9', '-61.15');
INSERT INTO `player_rating_log` VALUES ('7', '10', '-80.00');
INSERT INTO `player_rating_log` VALUES ('7', '11', '-100.00');
INSERT INTO `player_rating_log` VALUES ('7', '12', '-120.00');
INSERT INTO `player_rating_log` VALUES ('7', '23', '-138.72');
INSERT INTO `player_rating_log` VALUES ('7', '24', '-115.55');
INSERT INTO `player_rating_log` VALUES ('7', '25', '-97.65');
INSERT INTO `player_rating_log` VALUES ('7', '26', '-117.59');
INSERT INTO `player_rating_log` VALUES ('7', '31', '-93.21');
INSERT INTO `player_rating_log` VALUES ('7', '32', '-71.64');
INSERT INTO `player_rating_log` VALUES ('7', '33', '-92.98');
INSERT INTO `player_rating_log` VALUES ('7', '34', '-115.33');
INSERT INTO `player_rating_log` VALUES ('7', '35', '-93.04');
INSERT INTO `player_rating_log` VALUES ('7', '36', '-73.04');
INSERT INTO `player_rating_log` VALUES ('7', '39', '-93.01');
INSERT INTO `player_rating_log` VALUES ('7', '40', '-110.59');
INSERT INTO `player_rating_log` VALUES ('7', '64', '-130.56');
INSERT INTO `player_rating_log` VALUES ('7', '65', '-110.09');
INSERT INTO `player_rating_log` VALUES ('7', '66', '-131.38');
INSERT INTO `player_rating_log` VALUES ('7', '67', '-110.48');
INSERT INTO `player_rating_log` VALUES ('7', '68', '-90.48');
INSERT INTO `player_rating_log` VALUES ('7', '69', '-70.48');
INSERT INTO `player_rating_log` VALUES ('7', '70', '-51.56');
INSERT INTO `player_rating_log` VALUES ('7', '78', '-72.78');
INSERT INTO `player_rating_log` VALUES ('7', '81', '-48.32');
INSERT INTO `player_rating_log` VALUES ('7', '82', '-68.13');
INSERT INTO `player_rating_log` VALUES ('7', '84', '-90.34');
INSERT INTO `player_rating_log` VALUES ('7', '85', '-70.66');
INSERT INTO `player_rating_log` VALUES ('7', '152', '-89.52');
INSERT INTO `player_rating_log` VALUES ('7', '153', '-102.66');
INSERT INTO `player_rating_log` VALUES ('7', '154', '-122.89');
INSERT INTO `player_rating_log` VALUES ('7', '155', '-102.94');
INSERT INTO `player_rating_log` VALUES ('7', '156', '-123.23');
INSERT INTO `player_rating_log` VALUES ('7', '157', '-143.98');
INSERT INTO `player_rating_log` VALUES ('9', '50', '-19.87');
INSERT INTO `player_rating_log` VALUES ('9', '51', '-39.87');
INSERT INTO `player_rating_log` VALUES ('9', '52', '-56.57');
INSERT INTO `player_rating_log` VALUES ('9', '53', '-74.34');
INSERT INTO `player_rating_log` VALUES ('9', '54', '-95.25');
INSERT INTO `player_rating_log` VALUES ('9', '55', '-73.37');
INSERT INTO `player_rating_log` VALUES ('9', '64', '-93.34');
INSERT INTO `player_rating_log` VALUES ('9', '65', '-72.87');
INSERT INTO `player_rating_log` VALUES ('9', '66', '-51.58');
INSERT INTO `player_rating_log` VALUES ('9', '67', '-72.48');
INSERT INTO `player_rating_log` VALUES ('9', '68', '-92.48');
INSERT INTO `player_rating_log` VALUES ('9', '69', '-112.48');
INSERT INTO `player_rating_log` VALUES ('9', '90', '-135.49');
INSERT INTO `player_rating_log` VALUES ('9', '91', '-114.16');
INSERT INTO `player_rating_log` VALUES ('9', '94', '-130.81');
INSERT INTO `player_rating_log` VALUES ('9', '95', '-145.50');
INSERT INTO `player_rating_log` VALUES ('9', '96', '-122.80');
INSERT INTO `player_rating_log` VALUES ('9', '97', '-144.01');
INSERT INTO `player_rating_log` VALUES ('9', '98', '-161.68');
INSERT INTO `player_rating_log` VALUES ('9', '99', '-183.69');
INSERT INTO `player_rating_log` VALUES ('9', '100', '-158.51');
INSERT INTO `player_rating_log` VALUES ('9', '101', '-171.67');
INSERT INTO `player_rating_log` VALUES ('9', '102', '-191.57');
INSERT INTO `player_rating_log` VALUES ('9', '103', '-210.34');
INSERT INTO `player_rating_log` VALUES ('9', '104', '-229.83');
INSERT INTO `player_rating_log` VALUES ('9', '105', '-245.53');
INSERT INTO `player_rating_log` VALUES ('9', '106', '-259.26');
INSERT INTO `player_rating_log` VALUES ('9', '107', '-274.78');
INSERT INTO `player_rating_log` VALUES ('9', '108', '-292.40');
INSERT INTO `player_rating_log` VALUES ('9', '109', '-309.04');
INSERT INTO `player_rating_log` VALUES ('9', '110', '-324.41');
INSERT INTO `player_rating_log` VALUES ('9', '111', '-340.25');
INSERT INTO `player_rating_log` VALUES ('9', '112', '-352.59');
INSERT INTO `player_rating_log` VALUES ('9', '113', '-366.45');
INSERT INTO `player_rating_log` VALUES ('9', '114', '-382.15');
INSERT INTO `player_rating_log` VALUES ('9', '115', '-396.91');
INSERT INTO `player_rating_log` VALUES ('9', '116', '-410.64');
INSERT INTO `player_rating_log` VALUES ('9', '117', '-424.77');
INSERT INTO `player_rating_log` VALUES ('9', '118', '-397.22');
INSERT INTO `player_rating_log` VALUES ('9', '119', '-408.38');
INSERT INTO `player_rating_log` VALUES ('9', '120', '-381.59');
INSERT INTO `player_rating_log` VALUES ('9', '121', '-355.61');
INSERT INTO `player_rating_log` VALUES ('9', '122', '-366.70');
INSERT INTO `player_rating_log` VALUES ('9', '123', '-340.73');
INSERT INTO `player_rating_log` VALUES ('9', '124', '-354.83');
INSERT INTO `player_rating_log` VALUES ('9', '125', '-370.76');
INSERT INTO `player_rating_log` VALUES ('9', '126', '-386.33');
INSERT INTO `player_rating_log` VALUES ('9', '127', '-398.66');
INSERT INTO `player_rating_log` VALUES ('9', '128', '-413.17');
INSERT INTO `player_rating_log` VALUES ('9', '129', '-426.53');
INSERT INTO `player_rating_log` VALUES ('9', '130', '-442.60');
INSERT INTO `player_rating_log` VALUES ('9', '131', '-459.44');
INSERT INTO `player_rating_log` VALUES ('9', '134', '-476.90');
INSERT INTO `player_rating_log` VALUES ('9', '135', '-488.71');
INSERT INTO `player_rating_log` VALUES ('9', '158', '-463.86');
INSERT INTO `player_rating_log` VALUES ('9', '159', '-444.66');
INSERT INTO `player_rating_log` VALUES ('9', '166', '-463.32');
INSERT INTO `player_rating_log` VALUES ('9', '167', '-441.49');
INSERT INTO `player_rating_log` VALUES ('9', '168', '-458.04');
INSERT INTO `player_rating_log` VALUES ('9', '169', '-478.72');
INSERT INTO `player_rating_log` VALUES ('9', '170', '-496.26');
INSERT INTO `player_rating_log` VALUES ('9', '171', '-509.26');
INSERT INTO `player_rating_log` VALUES ('9', '172', '-526.45');
INSERT INTO `player_rating_log` VALUES ('9', '173', '-541.86');
INSERT INTO `player_rating_log` VALUES ('9', '174', '-560.19');
INSERT INTO `player_rating_log` VALUES ('9', '175', '-581.15');

-- ----------------------------
-- Table structure for players
-- ----------------------------
DROP TABLE IF EXISTS `players`;
CREATE TABLE `players` (
  `id` tinyint(3) unsigned NOT NULL AUTO_INCREMENT,
  `name` varchar(20) NOT NULL,
  `rating` float(6,2) NOT NULL DEFAULT '0.00',
  `hash` varchar(32) NOT NULL DEFAULT '00000000000000000000000000000000',
  PRIMARY KEY (`id`)
) ENGINE=InnoDB AUTO_INCREMENT=10 DEFAULT CHARSET=latin1;

-- ----------------------------
-- Records of players
-- ----------------------------
INSERT INTO `players` VALUES ('1', 'Alex', '242.04', '9453df4d1bff2c70d8c5838ff466269f');
INSERT INTO `players` VALUES ('2', 'Mike', '542.89', '6d6bb0bd8c443d85b70de02755d2fc4b');
INSERT INTO `players` VALUES ('3', 'Yury', '404.08', '6929e46457e33b0d41bdeca417ecfc47');
INSERT INTO `players` VALUES ('4', 'Alexander', '-128.89', '8f3b8b06aa71768716b652c8874a67dc');
INSERT INTO `players` VALUES ('5', 'Sergey', '-323.75', '1fe97c024e61d117230a86cd3062f1c3');
INSERT INTO `players` VALUES ('6', 'Artem', '-91.24', 'e48838b34e38a40e3048ae54e8c1b642');
INSERT INTO `players` VALUES ('7', 'Nik', '-143.98', '90d20b23667af20aa315788af2f58a97');
INSERT INTO `players` VALUES ('8', 'Igor', '0.00', 'a30959289655a2cfc6757ea1a985c567');
INSERT INTO `players` VALUES ('9', 'Ivan', '-581.15', '82f38c238f9bd6ccd58ae385cfce13f1');

-- ----------------------------
-- Table structure for team_rating_log
-- ----------------------------
DROP TABLE IF EXISTS `team_rating_log`;
CREATE TABLE `team_rating_log` (
  `team_id` int(3) unsigned NOT NULL,
  `match_id` int(3) unsigned NOT NULL,
  `rating` float(6,2) DEFAULT NULL,
  PRIMARY KEY (`team_id`,`match_id`),
  KEY `team_rating_match` (`match_id`),
  CONSTRAINT `team_rating_match` FOREIGN KEY (`match_id`) REFERENCES `matches` (`id`) ON DELETE CASCADE ON UPDATE CASCADE,
  CONSTRAINT `team_rating_team` FOREIGN KEY (`team_id`) REFERENCES `teams` (`id`) ON DELETE CASCADE ON UPDATE CASCADE
) ENGINE=InnoDB DEFAULT CHARSET=utf8;

-- ----------------------------
-- Records of team_rating_log
-- ----------------------------
INSERT INTO `team_rating_log` VALUES ('3', '15', '-18.85');
INSERT INTO `team_rating_log` VALUES ('3', '22', '-37.77');
INSERT INTO `team_rating_log` VALUES ('3', '25', '-55.67');
INSERT INTO `team_rating_log` VALUES ('3', '87', '-72.49');
INSERT INTO `team_rating_log` VALUES ('3', '90', '-49.48');
INSERT INTO `team_rating_log` VALUES ('3', '142', '-62.89');
INSERT INTO `team_rating_log` VALUES ('3', '175', '-41.93');
INSERT INTO `team_rating_log` VALUES ('3', '177', '-14.51');
INSERT INTO `team_rating_log` VALUES ('3', '185', '-22.64');
INSERT INTO `team_rating_log` VALUES ('4', '21', '18.92');
INSERT INTO `team_rating_log` VALUES ('4', '44', '-3.31');
INSERT INTO `team_rating_log` VALUES ('4', '59', '18.03');
INSERT INTO `team_rating_log` VALUES ('4', '63', '-3.09');
INSERT INTO `team_rating_log` VALUES ('4', '133', '-17.63');
INSERT INTO `team_rating_log` VALUES ('4', '134', '-0.17');
INSERT INTO `team_rating_log` VALUES ('4', '152', '18.69');
INSERT INTO `team_rating_log` VALUES ('4', '162', '45.26');
INSERT INTO `team_rating_log` VALUES ('4', '176', '22.11');
INSERT INTO `team_rating_log` VALUES ('4', '192', '44.98');
INSERT INTO `team_rating_log` VALUES ('5', '3', '-20.00');
INSERT INTO `team_rating_log` VALUES ('5', '18', '1.15');
INSERT INTO `team_rating_log` VALUES ('5', '19', '22.23');
INSERT INTO `team_rating_log` VALUES ('5', '23', '40.95');
INSERT INTO `team_rating_log` VALUES ('5', '29', '58.60');
INSERT INTO `team_rating_log` VALUES ('5', '31', '34.22');
INSERT INTO `team_rating_log` VALUES ('5', '46', '12.19');
INSERT INTO `team_rating_log` VALUES ('5', '48', '32.69');
INSERT INTO `team_rating_log` VALUES ('5', '55', '10.81');
INSERT INTO `team_rating_log` VALUES ('5', '60', '-8.50');
INSERT INTO `team_rating_log` VALUES ('5', '79', '9.82');
INSERT INTO `team_rating_log` VALUES ('5', '89', '29.25');
INSERT INTO `team_rating_log` VALUES ('5', '93', '47.57');
INSERT INTO `team_rating_log` VALUES ('5', '125', '63.50');
INSERT INTO `team_rating_log` VALUES ('5', '137', '48.60');
INSERT INTO `team_rating_log` VALUES ('5', '147', '35.78');
INSERT INTO `team_rating_log` VALUES ('5', '148', '17.09');
INSERT INTO `team_rating_log` VALUES ('5', '151', '6.89');
INSERT INTO `team_rating_log` VALUES ('5', '161', '-2.44');
INSERT INTO `team_rating_log` VALUES ('5', '173', '12.97');
INSERT INTO `team_rating_log` VALUES ('5', '178', '35.69');
INSERT INTO `team_rating_log` VALUES ('5', '180', '15.81');
INSERT INTO `team_rating_log` VALUES ('5', '190', '34.96');
INSERT INTO `team_rating_log` VALUES ('6', '3', '20.00');
INSERT INTO `team_rating_log` VALUES ('6', '19', '-1.08');
INSERT INTO `team_rating_log` VALUES ('6', '46', '20.95');
INSERT INTO `team_rating_log` VALUES ('6', '48', '0.45');
INSERT INTO `team_rating_log` VALUES ('6', '64', '20.42');
INSERT INTO `team_rating_log` VALUES ('6', '141', '5.39');
INSERT INTO `team_rating_log` VALUES ('6', '144', '-8.05');
INSERT INTO `team_rating_log` VALUES ('6', '156', '12.24');
INSERT INTO `team_rating_log` VALUES ('6', '166', '30.90');
INSERT INTO `team_rating_log` VALUES ('6', '168', '47.45');
INSERT INTO `team_rating_log` VALUES ('6', '171', '60.45');
INSERT INTO `team_rating_log` VALUES ('6', '178', '37.73');
INSERT INTO `team_rating_log` VALUES ('6', '180', '57.61');
INSERT INTO `team_rating_log` VALUES ('6', '194', '36.91');
INSERT INTO `team_rating_log` VALUES ('7', '4', '20.00');
INSERT INTO `team_rating_log` VALUES ('7', '17', '38.85');
INSERT INTO `team_rating_log` VALUES ('7', '20', '55.49');
INSERT INTO `team_rating_log` VALUES ('7', '24', '32.32');
INSERT INTO `team_rating_log` VALUES ('7', '30', '50.46');
INSERT INTO `team_rating_log` VALUES ('7', '32', '28.89');
INSERT INTO `team_rating_log` VALUES ('7', '47', '5.16');
INSERT INTO `team_rating_log` VALUES ('7', '49', '-15.88');
INSERT INTO `team_rating_log` VALUES ('7', '54', '5.03');
INSERT INTO `team_rating_log` VALUES ('7', '61', '-11.84');
INSERT INTO `team_rating_log` VALUES ('7', '80', '-31.15');
INSERT INTO `team_rating_log` VALUES ('7', '88', '-9.36');
INSERT INTO `team_rating_log` VALUES ('7', '92', '11.18');
INSERT INTO `team_rating_log` VALUES ('7', '124', '25.28');
INSERT INTO `team_rating_log` VALUES ('7', '136', '6.75');
INSERT INTO `team_rating_log` VALUES ('7', '146', '31.06');
INSERT INTO `team_rating_log` VALUES ('7', '149', '19.72');
INSERT INTO `team_rating_log` VALUES ('7', '150', '3.00');
INSERT INTO `team_rating_log` VALUES ('7', '160', '28.12');
INSERT INTO `team_rating_log` VALUES ('7', '172', '45.31');
INSERT INTO `team_rating_log` VALUES ('7', '179', '62.14');
INSERT INTO `team_rating_log` VALUES ('7', '181', '77.12');
INSERT INTO `team_rating_log` VALUES ('7', '191', '49.14');
INSERT INTO `team_rating_log` VALUES ('8', '4', '-20.00');
INSERT INTO `team_rating_log` VALUES ('8', '20', '-36.64');
INSERT INTO `team_rating_log` VALUES ('8', '47', '-12.91');
INSERT INTO `team_rating_log` VALUES ('8', '49', '8.13');
INSERT INTO `team_rating_log` VALUES ('8', '65', '-12.34');
INSERT INTO `team_rating_log` VALUES ('8', '140', '-30.86');
INSERT INTO `team_rating_log` VALUES ('8', '145', '-47.29');
INSERT INTO `team_rating_log` VALUES ('8', '157', '-26.54');
INSERT INTO `team_rating_log` VALUES ('8', '167', '-48.37');
INSERT INTO `team_rating_log` VALUES ('8', '169', '-27.69');
INSERT INTO `team_rating_log` VALUES ('8', '170', '-10.15');
INSERT INTO `team_rating_log` VALUES ('8', '179', '-26.98');
INSERT INTO `team_rating_log` VALUES ('8', '181', '-41.96');
INSERT INTO `team_rating_log` VALUES ('8', '195', '-13.89');
INSERT INTO `team_rating_log` VALUES ('9', '5', '20.00');
INSERT INTO `team_rating_log` VALUES ('9', '82', '39.81');
INSERT INTO `team_rating_log` VALUES ('10', '5', '-20.00');
INSERT INTO `team_rating_log` VALUES ('10', '153', '-33.14');
INSERT INTO `team_rating_log` VALUES ('10', '155', '-13.19');
INSERT INTO `team_rating_log` VALUES ('11', '6', '20.00');
INSERT INTO `team_rating_log` VALUES ('11', '81', '-4.46');
INSERT INTO `team_rating_log` VALUES ('12', '6', '-20.00');
INSERT INTO `team_rating_log` VALUES ('12', '152', '-38.86');
INSERT INTO `team_rating_log` VALUES ('12', '154', '-59.09');
INSERT INTO `team_rating_log` VALUES ('13', '7', '-20.00');
INSERT INTO `team_rating_log` VALUES ('14', '7', '20.00');
INSERT INTO `team_rating_log` VALUES ('14', '9', '-1.15');
INSERT INTO `team_rating_log` VALUES ('14', '25', '16.75');
INSERT INTO `team_rating_log` VALUES ('14', '82', '-3.06');
INSERT INTO `team_rating_log` VALUES ('14', '156', '-23.35');
INSERT INTO `team_rating_log` VALUES ('15', '8', '20.00');
INSERT INTO `team_rating_log` VALUES ('16', '8', '-20.00');
INSERT INTO `team_rating_log` VALUES ('16', '10', '-38.85');
INSERT INTO `team_rating_log` VALUES ('16', '26', '-58.79');
INSERT INTO `team_rating_log` VALUES ('16', '81', '-34.33');
INSERT INTO `team_rating_log` VALUES ('16', '157', '-55.08');
INSERT INTO `team_rating_log` VALUES ('17', '9', '21.15');
INSERT INTO `team_rating_log` VALUES ('17', '41', '2.17');
INSERT INTO `team_rating_log` VALUES ('17', '56', '26.28');
INSERT INTO `team_rating_log` VALUES ('17', '96', '3.58');
INSERT INTO `team_rating_log` VALUES ('17', '102', '23.48');
INSERT INTO `team_rating_log` VALUES ('17', '108', '41.10');
INSERT INTO `team_rating_log` VALUES ('17', '114', '56.80');
INSERT INTO `team_rating_log` VALUES ('17', '121', '30.82');
INSERT INTO `team_rating_log` VALUES ('17', '131', '47.66');
INSERT INTO `team_rating_log` VALUES ('17', '139', '66.04');
INSERT INTO `team_rating_log` VALUES ('17', '165', '47.30');
INSERT INTO `team_rating_log` VALUES ('17', '183', '60.63');
INSERT INTO `team_rating_log` VALUES ('17', '188', '73.64');
INSERT INTO `team_rating_log` VALUES ('18', '10', '18.85');
INSERT INTO `team_rating_log` VALUES ('18', '42', '40.00');
INSERT INTO `team_rating_log` VALUES ('18', '43', '18.72');
INSERT INTO `team_rating_log` VALUES ('18', '57', '0.90');
INSERT INTO `team_rating_log` VALUES ('18', '97', '22.11');
INSERT INTO `team_rating_log` VALUES ('18', '103', '40.88');
INSERT INTO `team_rating_log` VALUES ('18', '109', '57.52');
INSERT INTO `team_rating_log` VALUES ('18', '115', '72.28');
INSERT INTO `team_rating_log` VALUES ('18', '120', '45.49');
INSERT INTO `team_rating_log` VALUES ('18', '130', '61.56');
INSERT INTO `team_rating_log` VALUES ('18', '138', '75.04');
INSERT INTO `team_rating_log` VALUES ('18', '164', '94.46');
INSERT INTO `team_rating_log` VALUES ('18', '182', '106.71');
INSERT INTO `team_rating_log` VALUES ('18', '189', '116.15');
INSERT INTO `team_rating_log` VALUES ('19', '11', '-20.00');
INSERT INTO `team_rating_log` VALUES ('19', '35', '2.29');
INSERT INTO `team_rating_log` VALUES ('19', '39', '-17.68');
INSERT INTO `team_rating_log` VALUES ('19', '84', '-39.89');
INSERT INTO `team_rating_log` VALUES ('20', '11', '20.00');
INSERT INTO `team_rating_log` VALUES ('20', '15', '38.85');
INSERT INTO `team_rating_log` VALUES ('20', '41', '57.83');
INSERT INTO `team_rating_log` VALUES ('20', '52', '74.53');
INSERT INTO `team_rating_log` VALUES ('20', '56', '50.42');
INSERT INTO `team_rating_log` VALUES ('20', '128', '64.93');
INSERT INTO `team_rating_log` VALUES ('20', '164', '45.51');
INSERT INTO `team_rating_log` VALUES ('20', '194', '66.21');
INSERT INTO `team_rating_log` VALUES ('21', '12', '-20.00');
INSERT INTO `team_rating_log` VALUES ('21', '36', '0.00');
INSERT INTO `team_rating_log` VALUES ('21', '40', '-17.58');
INSERT INTO `team_rating_log` VALUES ('21', '85', '2.10');
INSERT INTO `team_rating_log` VALUES ('22', '12', '20.00');
INSERT INTO `team_rating_log` VALUES ('22', '16', '38.85');
INSERT INTO `team_rating_log` VALUES ('22', '42', '17.70');
INSERT INTO `team_rating_log` VALUES ('22', '43', '38.98');
INSERT INTO `team_rating_log` VALUES ('22', '53', '56.75');
INSERT INTO `team_rating_log` VALUES ('22', '57', '74.57');
INSERT INTO `team_rating_log` VALUES ('22', '129', '87.93');
INSERT INTO `team_rating_log` VALUES ('22', '165', '106.67');
INSERT INTO `team_rating_log` VALUES ('22', '195', '78.60');
INSERT INTO `team_rating_log` VALUES ('23', '13', '-20.00');
INSERT INTO `team_rating_log` VALUES ('23', '44', '2.23');
INSERT INTO `team_rating_log` VALUES ('23', '50', '22.10');
INSERT INTO `team_rating_log` VALUES ('23', '58', '3.07');
INSERT INTO `team_rating_log` VALUES ('23', '62', '-13.79');
INSERT INTO `team_rating_log` VALUES ('23', '99', '8.22');
INSERT INTO `team_rating_log` VALUES ('23', '104', '27.71');
INSERT INTO `team_rating_log` VALUES ('23', '110', '43.08');
INSERT INTO `team_rating_log` VALUES ('23', '116', '56.81');
INSERT INTO `team_rating_log` VALUES ('23', '123', '30.84');
INSERT INTO `team_rating_log` VALUES ('23', '132', '13.36');
INSERT INTO `team_rating_log` VALUES ('23', '140', '31.88');
INSERT INTO `team_rating_log` VALUES ('23', '145', '48.31');
INSERT INTO `team_rating_log` VALUES ('23', '163', '72.23');
INSERT INTO `team_rating_log` VALUES ('23', '192', '49.36');
INSERT INTO `team_rating_log` VALUES ('24', '13', '20.00');
INSERT INTO `team_rating_log` VALUES ('24', '35', '-2.29');
INSERT INTO `team_rating_log` VALUES ('24', '37', '-23.20');
INSERT INTO `team_rating_log` VALUES ('24', '85', '-42.88');
INSERT INTO `team_rating_log` VALUES ('24', '154', '-22.65');
INSERT INTO `team_rating_log` VALUES ('24', '158', '-47.50');
INSERT INTO `team_rating_log` VALUES ('24', '182', '-59.75');
INSERT INTO `team_rating_log` VALUES ('24', '187', '-66.07');
INSERT INTO `team_rating_log` VALUES ('24', '188', '-79.08');
INSERT INTO `team_rating_log` VALUES ('25', '14', '20.00');
INSERT INTO `team_rating_log` VALUES ('25', '45', '-0.06');
INSERT INTO `team_rating_log` VALUES ('25', '51', '19.94');
INSERT INTO `team_rating_log` VALUES ('25', '59', '-1.40');
INSERT INTO `team_rating_log` VALUES ('25', '63', '19.72');
INSERT INTO `team_rating_log` VALUES ('25', '98', '37.39');
INSERT INTO `team_rating_log` VALUES ('25', '105', '53.09');
INSERT INTO `team_rating_log` VALUES ('25', '111', '68.93');
INSERT INTO `team_rating_log` VALUES ('25', '117', '83.06');
INSERT INTO `team_rating_log` VALUES ('25', '122', '94.15');
INSERT INTO `team_rating_log` VALUES ('25', '133', '108.69');
INSERT INTO `team_rating_log` VALUES ('25', '141', '123.72');
INSERT INTO `team_rating_log` VALUES ('25', '144', '137.16');
INSERT INTO `team_rating_log` VALUES ('25', '162', '110.59');
INSERT INTO `team_rating_log` VALUES ('25', '193', '128.03');
INSERT INTO `team_rating_log` VALUES ('26', '14', '-20.00');
INSERT INTO `team_rating_log` VALUES ('26', '36', '-40.00');
INSERT INTO `team_rating_log` VALUES ('26', '38', '-56.24');
INSERT INTO `team_rating_log` VALUES ('26', '84', '-34.03');
INSERT INTO `team_rating_log` VALUES ('26', '155', '-53.98');
INSERT INTO `team_rating_log` VALUES ('26', '159', '-73.18');
INSERT INTO `team_rating_log` VALUES ('26', '183', '-86.51');
INSERT INTO `team_rating_log` VALUES ('26', '186', '-97.34');
INSERT INTO `team_rating_log` VALUES ('26', '189', '-106.78');
INSERT INTO `team_rating_log` VALUES ('27', '16', '-18.85');
INSERT INTO `team_rating_log` VALUES ('27', '21', '-37.77');
INSERT INTO `team_rating_log` VALUES ('27', '26', '-17.83');
INSERT INTO `team_rating_log` VALUES ('27', '86', '3.20');
INSERT INTO `team_rating_log` VALUES ('27', '91', '-18.13');
INSERT INTO `team_rating_log` VALUES ('27', '143', '-28.29');
INSERT INTO `team_rating_log` VALUES ('27', '174', '-9.96');
INSERT INTO `team_rating_log` VALUES ('27', '176', '13.19');
INSERT INTO `team_rating_log` VALUES ('27', '184', '-3.63');
INSERT INTO `team_rating_log` VALUES ('28', '17', '-18.85');
INSERT INTO `team_rating_log` VALUES ('28', '70', '-37.77');
INSERT INTO `team_rating_log` VALUES ('28', '79', '-56.09');
INSERT INTO `team_rating_log` VALUES ('28', '138', '-69.57');
INSERT INTO `team_rating_log` VALUES ('28', '191', '-41.59');
INSERT INTO `team_rating_log` VALUES ('29', '18', '-21.15');
INSERT INTO `team_rating_log` VALUES ('29', '78', '0.07');
INSERT INTO `team_rating_log` VALUES ('29', '80', '19.38');
INSERT INTO `team_rating_log` VALUES ('29', '139', '1.00');
INSERT INTO `team_rating_log` VALUES ('29', '190', '-18.15');
INSERT INTO `team_rating_log` VALUES ('30', '22', '18.92');
INSERT INTO `team_rating_log` VALUES ('30', '45', '38.98');
INSERT INTO `team_rating_log` VALUES ('30', '58', '58.01');
INSERT INTO `team_rating_log` VALUES ('30', '62', '74.87');
INSERT INTO `team_rating_log` VALUES ('30', '132', '92.35');
INSERT INTO `team_rating_log` VALUES ('30', '135', '104.16');
INSERT INTO `team_rating_log` VALUES ('30', '153', '117.30');
INSERT INTO `team_rating_log` VALUES ('30', '163', '93.38');
INSERT INTO `team_rating_log` VALUES ('30', '177', '65.96');
INSERT INTO `team_rating_log` VALUES ('30', '193', '48.52');
INSERT INTO `team_rating_log` VALUES ('31', '23', '-18.72');
INSERT INTO `team_rating_log` VALUES ('31', '31', '5.66');
INSERT INTO `team_rating_log` VALUES ('31', '33', '-15.68');
INSERT INTO `team_rating_log` VALUES ('31', '67', '5.22');
INSERT INTO `team_rating_log` VALUES ('38', '24', '23.17');
INSERT INTO `team_rating_log` VALUES ('38', '32', '44.74');
INSERT INTO `team_rating_log` VALUES ('38', '34', '22.39');
INSERT INTO `team_rating_log` VALUES ('38', '66', '1.10');
INSERT INTO `team_rating_log` VALUES ('39', '29', '-17.65');
INSERT INTO `team_rating_log` VALUES ('39', '33', '3.69');
INSERT INTO `team_rating_log` VALUES ('39', '34', '26.04');
INSERT INTO `team_rating_log` VALUES ('39', '38', '42.28');
INSERT INTO `team_rating_log` VALUES ('39', '40', '59.86');
INSERT INTO `team_rating_log` VALUES ('39', '61', '76.73');
INSERT INTO `team_rating_log` VALUES ('39', '95', '91.42');
INSERT INTO `team_rating_log` VALUES ('39', '101', '104.58');
INSERT INTO `team_rating_log` VALUES ('39', '106', '118.31');
INSERT INTO `team_rating_log` VALUES ('39', '112', '130.65');
INSERT INTO `team_rating_log` VALUES ('39', '119', '141.81');
INSERT INTO `team_rating_log` VALUES ('39', '127', '154.14');
INSERT INTO `team_rating_log` VALUES ('39', '137', '169.04');
INSERT INTO `team_rating_log` VALUES ('39', '143', '179.20');
INSERT INTO `team_rating_log` VALUES ('39', '147', '192.02');
INSERT INTO `team_rating_log` VALUES ('39', '149', '203.36');
INSERT INTO `team_rating_log` VALUES ('39', '151', '213.56');
INSERT INTO `team_rating_log` VALUES ('39', '161', '222.89');
INSERT INTO `team_rating_log` VALUES ('39', '185', '231.02');
INSERT INTO `team_rating_log` VALUES ('39', '187', '237.34');
INSERT INTO `team_rating_log` VALUES ('40', '30', '-18.14');
INSERT INTO `team_rating_log` VALUES ('40', '37', '2.77');
INSERT INTO `team_rating_log` VALUES ('40', '39', '22.74');
INSERT INTO `team_rating_log` VALUES ('40', '60', '42.05');
INSERT INTO `team_rating_log` VALUES ('40', '94', '58.70');
INSERT INTO `team_rating_log` VALUES ('40', '100', '33.52');
INSERT INTO `team_rating_log` VALUES ('40', '107', '49.04');
INSERT INTO `team_rating_log` VALUES ('40', '113', '62.90');
INSERT INTO `team_rating_log` VALUES ('40', '118', '35.35');
INSERT INTO `team_rating_log` VALUES ('40', '126', '50.92');
INSERT INTO `team_rating_log` VALUES ('40', '136', '69.45');
INSERT INTO `team_rating_log` VALUES ('40', '142', '82.86');
INSERT INTO `team_rating_log` VALUES ('40', '146', '58.55');
INSERT INTO `team_rating_log` VALUES ('40', '148', '77.24');
INSERT INTO `team_rating_log` VALUES ('40', '150', '93.96');
INSERT INTO `team_rating_log` VALUES ('40', '160', '68.84');
INSERT INTO `team_rating_log` VALUES ('40', '184', '85.66');
INSERT INTO `team_rating_log` VALUES ('40', '186', '96.49');
INSERT INTO `team_rating_log` VALUES ('41', '50', '-19.87');
INSERT INTO `team_rating_log` VALUES ('41', '90', '-42.88');
INSERT INTO `team_rating_log` VALUES ('41', '126', '-58.45');
INSERT INTO `team_rating_log` VALUES ('41', '167', '-36.62');
INSERT INTO `team_rating_log` VALUES ('41', '169', '-57.30');
INSERT INTO `team_rating_log` VALUES ('41', '174', '-75.63');
INSERT INTO `team_rating_log` VALUES ('42', '51', '-20.00');
INSERT INTO `team_rating_log` VALUES ('42', '91', '1.33');
INSERT INTO `team_rating_log` VALUES ('42', '127', '-11.00');
INSERT INTO `team_rating_log` VALUES ('42', '166', '-29.66');
INSERT INTO `team_rating_log` VALUES ('42', '168', '-46.21');
INSERT INTO `team_rating_log` VALUES ('42', '175', '-67.17');
INSERT INTO `team_rating_log` VALUES ('43', '52', '-16.70');
INSERT INTO `team_rating_log` VALUES ('43', '94', '-33.35');
INSERT INTO `team_rating_log` VALUES ('43', '100', '-8.17');
INSERT INTO `team_rating_log` VALUES ('43', '106', '-21.90');
INSERT INTO `team_rating_log` VALUES ('43', '112', '-34.24');
INSERT INTO `team_rating_log` VALUES ('43', '119', '-45.40');
INSERT INTO `team_rating_log` VALUES ('43', '129', '-58.76');
INSERT INTO `team_rating_log` VALUES ('43', '135', '-70.57');
INSERT INTO `team_rating_log` VALUES ('43', '170', '-88.11');
INSERT INTO `team_rating_log` VALUES ('44', '53', '-17.77');
INSERT INTO `team_rating_log` VALUES ('44', '95', '-32.46');
INSERT INTO `team_rating_log` VALUES ('44', '101', '-45.62');
INSERT INTO `team_rating_log` VALUES ('44', '107', '-61.14');
INSERT INTO `team_rating_log` VALUES ('44', '113', '-75.00');
INSERT INTO `team_rating_log` VALUES ('44', '118', '-47.45');
INSERT INTO `team_rating_log` VALUES ('44', '128', '-61.96');
INSERT INTO `team_rating_log` VALUES ('44', '134', '-79.42');
INSERT INTO `team_rating_log` VALUES ('44', '171', '-92.42');
INSERT INTO `team_rating_log` VALUES ('45', '54', '-20.91');
INSERT INTO `team_rating_log` VALUES ('45', '96', '1.79');
INSERT INTO `team_rating_log` VALUES ('45', '102', '-18.11');
INSERT INTO `team_rating_log` VALUES ('45', '108', '-35.73');
INSERT INTO `team_rating_log` VALUES ('45', '115', '-50.49');
INSERT INTO `team_rating_log` VALUES ('45', '120', '-23.70');
INSERT INTO `team_rating_log` VALUES ('45', '130', '-39.77');
INSERT INTO `team_rating_log` VALUES ('46', '55', '21.88');
INSERT INTO `team_rating_log` VALUES ('46', '97', '0.67');
INSERT INTO `team_rating_log` VALUES ('46', '103', '-18.10');
INSERT INTO `team_rating_log` VALUES ('46', '109', '-34.74');
INSERT INTO `team_rating_log` VALUES ('46', '114', '-50.44');
INSERT INTO `team_rating_log` VALUES ('46', '121', '-24.46');
INSERT INTO `team_rating_log` VALUES ('46', '131', '-41.30');
INSERT INTO `team_rating_log` VALUES ('47', '64', '-19.97');
INSERT INTO `team_rating_log` VALUES ('48', '65', '20.47');
INSERT INTO `team_rating_log` VALUES ('49', '66', '21.29');
INSERT INTO `team_rating_log` VALUES ('49', '99', '-0.72');
INSERT INTO `team_rating_log` VALUES ('49', '104', '-20.21');
INSERT INTO `team_rating_log` VALUES ('49', '111', '-36.05');
INSERT INTO `team_rating_log` VALUES ('49', '117', '-50.18');
INSERT INTO `team_rating_log` VALUES ('49', '123', '-24.21');
INSERT INTO `team_rating_log` VALUES ('49', '125', '-40.14');
INSERT INTO `team_rating_log` VALUES ('49', '159', '-20.94');
INSERT INTO `team_rating_log` VALUES ('49', '172', '-38.13');
INSERT INTO `team_rating_log` VALUES ('50', '67', '-20.90');
INSERT INTO `team_rating_log` VALUES ('50', '98', '-38.57');
INSERT INTO `team_rating_log` VALUES ('50', '105', '-54.27');
INSERT INTO `team_rating_log` VALUES ('50', '110', '-69.64');
INSERT INTO `team_rating_log` VALUES ('50', '116', '-83.37');
INSERT INTO `team_rating_log` VALUES ('50', '122', '-94.46');
INSERT INTO `team_rating_log` VALUES ('50', '124', '-108.56');
INSERT INTO `team_rating_log` VALUES ('50', '158', '-83.71');
INSERT INTO `team_rating_log` VALUES ('50', '173', '-99.12');
INSERT INTO `team_rating_log` VALUES ('51', '68', '20.00');
INSERT INTO `team_rating_log` VALUES ('52', '68', '-20.00');
INSERT INTO `team_rating_log` VALUES ('53', '69', '20.00');
INSERT INTO `team_rating_log` VALUES ('54', '69', '-20.00');
INSERT INTO `team_rating_log` VALUES ('55', '70', '18.92');
INSERT INTO `team_rating_log` VALUES ('57', '78', '-21.22');
INSERT INTO `team_rating_log` VALUES ('59', '86', '-21.03');
INSERT INTO `team_rating_log` VALUES ('60', '87', '-23.18');
INSERT INTO `team_rating_log` VALUES ('61', '88', '-21.79');
INSERT INTO `team_rating_log` VALUES ('62', '89', '-19.43');
INSERT INTO `team_rating_log` VALUES ('65', '92', '-20.54');
INSERT INTO `team_rating_log` VALUES ('66', '93', '-18.32');

-- ----------------------------
-- Table structure for teams
-- ----------------------------
DROP TABLE IF EXISTS `teams`;
CREATE TABLE `teams` (
  `id` int(3) unsigned NOT NULL AUTO_INCREMENT,
  `goalkeeper_id` tinyint(3) unsigned NOT NULL,
  `forward_id` tinyint(3) unsigned NOT NULL,
  `rating` float(6,2) NOT NULL DEFAULT '0.00',
  PRIMARY KEY (`id`),
  UNIQUE KEY `team_forward_goalkeeper` (`goalkeeper_id`,`forward_id`) USING BTREE,
  KEY `teams_goalkeeper` (`goalkeeper_id`),
  KEY `teams_forward` (`forward_id`),
  CONSTRAINT `teams_forward` FOREIGN KEY (`forward_id`) REFERENCES `players` (`id`) ON DELETE CASCADE ON UPDATE CASCADE,
  CONSTRAINT `teams_goalkeeper` FOREIGN KEY (`goalkeeper_id`) REFERENCES `players` (`id`) ON DELETE CASCADE ON UPDATE CASCADE
) ENGINE=InnoDB AUTO_INCREMENT=79 DEFAULT CHARSET=latin1;

-- ----------------------------
-- Records of teams
-- ----------------------------
INSERT INTO `teams` VALUES ('3', '1', '5', '-22.64');
INSERT INTO `teams` VALUES ('4', '2', '4', '44.98');
INSERT INTO `teams` VALUES ('5', '4', '1', '34.96');
INSERT INTO `teams` VALUES ('6', '5', '2', '36.91');
INSERT INTO `teams` VALUES ('7', '1', '4', '49.14');
INSERT INTO `teams` VALUES ('8', '2', '5', '-13.89');
INSERT INTO `teams` VALUES ('9', '6', '1', '39.81');
INSERT INTO `teams` VALUES ('10', '7', '3', '-13.19');
INSERT INTO `teams` VALUES ('11', '1', '6', '-4.46');
INSERT INTO `teams` VALUES ('12', '3', '7', '-59.09');
INSERT INTO `teams` VALUES ('13', '6', '2', '-20.00');
INSERT INTO `teams` VALUES ('14', '4', '7', '-23.35');
INSERT INTO `teams` VALUES ('15', '2', '6', '20.00');
INSERT INTO `teams` VALUES ('16', '7', '4', '-55.08');
INSERT INTO `teams` VALUES ('17', '1', '2', '73.64');
INSERT INTO `teams` VALUES ('18', '2', '1', '116.15');
INSERT INTO `teams` VALUES ('19', '1', '7', '-39.89');
INSERT INTO `teams` VALUES ('20', '3', '4', '66.21');
INSERT INTO `teams` VALUES ('21', '7', '1', '2.10');
INSERT INTO `teams` VALUES ('22', '4', '3', '78.60');
INSERT INTO `teams` VALUES ('23', '3', '1', '49.36');
INSERT INTO `teams` VALUES ('24', '5', '4', '-79.08');
INSERT INTO `teams` VALUES ('25', '1', '3', '128.03');
INSERT INTO `teams` VALUES ('26', '4', '5', '-106.78');
INSERT INTO `teams` VALUES ('27', '5', '1', '-3.63');
INSERT INTO `teams` VALUES ('28', '5', '3', '-41.59');
INSERT INTO `teams` VALUES ('29', '3', '5', '-18.15');
INSERT INTO `teams` VALUES ('30', '4', '2', '48.52');
INSERT INTO `teams` VALUES ('31', '7', '5', '5.22');
INSERT INTO `teams` VALUES ('38', '5', '7', '1.10');
INSERT INTO `teams` VALUES ('39', '2', '3', '237.34');
INSERT INTO `teams` VALUES ('40', '3', '2', '96.49');
INSERT INTO `teams` VALUES ('41', '4', '9', '-75.63');
INSERT INTO `teams` VALUES ('42', '9', '4', '-67.17');
INSERT INTO `teams` VALUES ('43', '1', '9', '-88.11');
INSERT INTO `teams` VALUES ('44', '9', '1', '-92.42');
INSERT INTO `teams` VALUES ('45', '3', '9', '-39.77');
INSERT INTO `teams` VALUES ('46', '9', '3', '-41.30');
INSERT INTO `teams` VALUES ('47', '9', '7', '-19.97');
INSERT INTO `teams` VALUES ('48', '7', '9', '20.47');
INSERT INTO `teams` VALUES ('49', '9', '2', '-38.13');
INSERT INTO `teams` VALUES ('50', '2', '9', '-99.12');
INSERT INTO `teams` VALUES ('51', '7', '2', '20.00');
INSERT INTO `teams` VALUES ('52', '5', '9', '-20.00');
INSERT INTO `teams` VALUES ('53', '2', '7', '20.00');
INSERT INTO `teams` VALUES ('54', '9', '5', '-20.00');
INSERT INTO `teams` VALUES ('55', '7', '6', '18.92');
INSERT INTO `teams` VALUES ('56', '8', '4', '0.00');
INSERT INTO `teams` VALUES ('57', '6', '7', '-21.22');
INSERT INTO `teams` VALUES ('59', '6', '4', '-21.03');
INSERT INTO `teams` VALUES ('60', '4', '6', '-23.18');
INSERT INTO `teams` VALUES ('61', '6', '5', '-21.79');
INSERT INTO `teams` VALUES ('62', '5', '6', '-19.43');
INSERT INTO `teams` VALUES ('63', '8', '5', '0.00');
INSERT INTO `teams` VALUES ('64', '9', '6', '0.00');
INSERT INTO `teams` VALUES ('65', '6', '3', '-20.54');
INSERT INTO `teams` VALUES ('66', '3', '6', '-18.32');
INSERT INTO `teams` VALUES ('67', '6', '6', '0.00');
INSERT INTO `teams` VALUES ('68', '6', '8', '0.00');
INSERT INTO `teams` VALUES ('69', '8', '8', '0.00');
INSERT INTO `teams` VALUES ('70', '9', '8', '0.00');
INSERT INTO `teams` VALUES ('71', '9', '9', '0.00');
INSERT INTO `teams` VALUES ('72', '4', '4', '0.00');
